{"type":"FeatureCollection","features":[{"type":"Feature","id":1,"geometry":{"type":"LineString","coordinates":[[-106.11143140499996,39.579036672000029],[-106.11142834099996,39.57904458400003],[-106.11098145499994,39.580198574000065],[-106.11033500799999,39.581773787000031],[-106.10985495699998,39.582852221000053],[-106.10955650299996,39.583402014000058],[-106.10911853499999,39.584031522000032],[-106.10910820199996,39.584046371000056],[-106.10859175599995,39.584645131000059],[-106.10807055299995,39.585102204000066],[-106.10773207199998,39.585356219000062],[-106.10726742099996,39.585658679000062],[-106.10696168499999,39.585847412000078],[-106.10422711299998,39.587535402000071],[-106.10371624299995,39.587850735000075],[-106.10314526999997,39.588203160000035],[-106.10294993399998,39.588323727000045],[-106.10144088799996,39.589255128000048],[-106.09975610599997,39.59029494400005],[-106.09891560899996,39.590813663000063],[-106.09880501199996,39.590881917000047]]},"properties":{"OBJECTID":1,"RID":"070A","tmc":"116+04724","intersection":"CO-9/EXIT 203","TMC_Along_I70Even_Statistics2_MIN_MEAS":201.07995226784118,"TMC_Along_I70Even_Statistics2_MAX_MEAS":202.17336198686129,"Shape_Length":0.017945813273737739}},{"type":"Feature","id":2,"geometry":{"type":"LineString","coordinates":[[-105.49183721299994,39.743164077000074],[-105.49179673799995,39.743183123000051],[-105.49099086499996,39.743562325000028],[-105.49020149799998,39.743933751000043],[-105.48998037499996,39.744027404000065],[-105.48956050099997,39.744205230000034],[-105.48904873899994,39.744388565000065]]},"properties":{"OBJECTID":2,"RID":"070A","tmc":"116P04739","intersection":"I-70/EXIT 241","TMC_Along_I70Even_Statistics2_MIN_MEAS":241.27424700891541,"TMC_Along_I70Even_Statistics2_MAX_MEAS":241.49439784490238,"Shape_Length":0.0030474770194440248}},{"type":"Feature","id":3,"geometry":{"type":"LineString","coordinates":[[-106.09943210499995,39.591013830000065],[-106.09923257899999,39.59112351300007],[-106.09923138599999,39.591124240000056],[-106.09858497899995,39.591517870000075],[-106.09795147999995,39.591934726000034],[-106.09742604399997,39.592306158000042],[-106.09658917699994,39.592932326000039],[-106.09654678399994,39.592964045000031],[-106.09611377299996,39.593349559000046],[-106.09488496799997,39.594579826000029],[-106.09420709699998,39.595344604000047],[-106.09385867499998,39.595748996000054]]},"properties":{"OBJECTID":3,"RID":"070A_DEC","tmc":"116N04724","intersection":"CO-9/EXIT 203","TMC_Along_I70Even_Statistics2_MIN_MEAS":202.15350323171336,"TMC_Along_I70Even_Statistics2_MAX_MEAS":202.52197648696051,"Shape_Length":0.007360190947758625}},{"type":"Feature","id":4,"geometry":{"type":"LineString","coordinates":[[-105.19109351499998,39.716570426000033],[-105.19079186999994,39.716961473000026],[-105.19045953399996,39.717373431000055],[-105.18993554499997,39.717970606000051],[-105.18985155699994,39.718058877000033],[-105.18938752899999,39.718546561000039],[-105.18899593099997,39.718923593000056],[-105.18848384799998,39.719373351000058],[-105.18842199399995,39.719427676000066],[-105.18836339899997,39.719479138000054],[-105.18770310099995,39.720011171000067],[-105.18702273199995,39.720510860000047],[-105.18631052099994,39.720991067000057],[-105.18601303199995,39.721184659000073]]},"properties":{"OBJECTID":4,"RID":"070A_DEC","tmc":"116-04240","intersection":"CO-470/EXIT 260","TMC_Along_I70Even_Statistics2_MIN_MEAS":260.16823824278208,"TMC_Along_I70Even_Statistics2_MAX_MEAS":260.58362994005722,"Shape_Length":0.0069041433467357154}},{"type":"Feature","id":5,"geometry":{"type":"LineString","coordinates":[[-105.31398674899998,39.713850378000075],[-105.31358134099997,39.714029981000067],[-105.31312273299994,39.714191398000025],[-105.31277169599997,39.714289670000028],[-105.31240999599999,39.714364767000063],[-105.31191749999999,39.714431698000055],[-105.31154593899998,39.714455211000029],[-105.31117685499999,39.714455111000063],[-105.31081109099995,39.714430384000025],[-105.31033596899994,39.714370827000039],[-105.30965499299998,39.714227833000052],[-105.30875878699999,39.713989169000058],[-105.30814765599996,39.713826417000064],[-105.30610475599997,39.713282340000035],[-105.30411427699994,39.712752182000031],[-105.30301219799998,39.712458628000036],[-105.30269506199994,39.712374152000052],[-105.30268090599998,39.712370381000028],[-105.30262348399998,39.712355979000051]]},"properties":{"OBJECTID":5,"RID":"070A_DEC","tmc":"116-04236","intersection":"GENESEE DR/MOSS ROCK RD/EXIT 253","TMC_Along_I70Even_Statistics2_MIN_MEAS":252.45626183660906,"TMC_Along_I70Even_Statistics2_MAX_MEAS":253.08849509846755,"Shape_Length":0.011719624383442581}},{"type":"Feature","id":6,"geometry":{"type":"LineString","coordinates":[[-105.55098690999995,39.751137534000065],[-105.55085450099995,39.751083222000034],[-105.55050102199999,39.750898539000048],[-105.55043004099997,39.750861453000027],[-105.55018330299998,39.750704215000042],[-105.54984407099994,39.750458994000041],[-105.54935717899997,39.75004969500003],[-105.54889014399998,39.749657082000056],[-105.54856474499996,39.749383532000024],[-105.54854509299997,39.749367010000071],[-105.54797259699995,39.748926396000059],[-105.54774225699998,39.748749116000056],[-105.54753674399996,39.748607912000068],[-105.54740443999998,39.748540710000043],[-105.54688947299996,39.748218999000073],[-105.54623703999994,39.74785726600004],[-105.54578435699995,39.747631088000048],[-105.54520384799997,39.747369675000073],[-105.54453133699997,39.747110706000058],[-105.54420877399997,39.746986494000055],[-105.54339751499998,39.746729780000067],[-105.54129053199995,39.746165904000065],[-105.54086819699995,39.746039911000025],[-105.54082108399996,39.746025856000074],[-105.54036200199994,39.745869695000067],[-105.53964669899995,39.745598243000074],[-105.53841154999998,39.745109428000035],[-105.53806452899994,39.744988180000064],[-105.53787515099998,39.744922011000028],[-105.53774349499997,39.744884614000057],[-105.53755408799998,39.744830815000057]]},"properties":{"OBJECTID":6,"RID":"070A","tmc":"116+04737","intersection":"STANLEY RD/EXIT 239","TMC_Along_I70Even_Statistics2_MIN_MEAS":237.76402736540672,"TMC_Along_I70Even_Statistics2_MAX_MEAS":238.77668434180708,"Shape_Length":0.015005435496925503}},{"type":"Feature","id":7,"geometry":{"type":"LineString","coordinates":[[-105.32361534999995,39.70638368300007],[-105.32354293799995,39.70643061700008],[-105.32175882899998,39.707586928000069],[-105.32131237199997,39.707876275000046],[-105.32093172499998,39.708147602000054],[-105.31993338299998,39.708859203000031],[-105.31975110299999,39.708989127000052],[-105.31947415699995,39.709205912000073],[-105.31852475499994,39.709949060000042],[-105.31842214499994,39.71003821000005],[-105.31832344499998,39.710123965000037]]},"properties":{"OBJECTID":7,"RID":"070A_DEC","tmc":"116-04235","intersection":"CO-74/EVERGREEN PKWY/EXIT 252","TMC_Along_I70Even_Statistics2_MIN_MEAS":251.68563137144497,"TMC_Along_I70Even_Statistics2_MAX_MEAS":252.09439694197326,"Shape_Length":0.0064857031733615879}},{"type":"Feature","id":8,"geometry":{"type":"LineString","coordinates":[[-105.39795898299997,39.716641843000048],[-105.39762094799994,39.716455266000025],[-105.39714707099995,39.71622995000007],[-105.39705005099995,39.716189876000044]]},"properties":{"OBJECTID":8,"RID":"070A","tmc":"116P04232","intersection":"CLEAR CREEK/JEFFERSON CO LINE","TMC_Along_I70Even_Statistics2_MIN_MEAS":247.2438543889067,"TMC_Along_I70Even_Statistics2_MAX_MEAS":247.30196626350323,"Shape_Length":0.001015793367765886}},{"type":"Feature","id":9,"geometry":{"type":"LineString","coordinates":[[-105.69712478099996,39.712752032000026],[-105.69700602799998,39.713615769000057],[-105.69688463899996,39.714498648000074],[-105.69675043499996,39.715415758000063],[-105.69655907599997,39.716723384000034],[-105.69642891999996,39.717612769000027]]},"properties":{"OBJECTID":9,"RID":"070A_DEC","tmc":"116N04731","intersection":"15TH ST/EXIT 228","TMC_Along_I70Even_Statistics2_MIN_MEAS":227.72571532903987,"TMC_Along_I70Even_Statistics2_MAX_MEAS":228.01868254319857,"Shape_Length":0.0049103364734438965}},{"type":"Feature","id":10,"geometry":{"type":"LineString","coordinates":[[-105.59910897399999,39.763987139000051],[-105.59892307599995,39.763970587000074],[-105.59836160199995,39.763951255000052],[-105.59794081499996,39.763958327000068],[-105.59653189199997,39.76401975400006],[-105.59576002899996,39.764060547000042]]},"properties":{"OBJECTID":10,"RID":"070A","tmc":"116P04735","intersection":"CR-308/EXIT 235","TMC_Along_I70Even_Statistics2_MIN_MEAS":235.00497648696046,"TMC_Along_I70Even_Statistics2_MAX_MEAS":235.18331259236191,"Shape_Length":0.0033524881907074978}},{"type":"Feature","id":11,"geometry":{"type":"LineString","coordinates":[[-105.72301369199994,39.696216768000056],[-105.72251326699995,39.69648963700007],[-105.72111144099995,39.697253970000077],[-105.72052849699998,39.697539382000059],[-105.72036821799998,39.697603189000063],[-105.72006273999995,39.697724797000035],[-105.72004156299994,39.697733227000072],[-105.71953496499998,39.697891088000063],[-105.71887706299998,39.698042832000056],[-105.71738246599995,39.698265645000049],[-105.71724719799994,39.698303483000075],[-105.71603720299998,39.698487986000032],[-105.71528238499997,39.698630068000057],[-105.71437823599996,39.698826649000068],[-105.71263137599999,39.699307959000066],[-105.71253315599995,39.699336395000046],[-105.71064897399998,39.699881897000068],[-105.71038937999998,39.699973635000049],[-105.70999998499997,39.700111241000059],[-105.70936863699995,39.700393338000026],[-105.70900984699995,39.700590585000043],[-105.70855674999996,39.700884620000068],[-105.70802517199996,39.701289553000038],[-105.70716330599998,39.701987344000031],[-105.70647499299997,39.702508615000056],[-105.70562022199999,39.703086202000065],[-105.70474380299999,39.703645618000053],[-105.70418248299995,39.704048861000047],[-105.70390765799999,39.704246289000025],[-105.70291520899997,39.705026496000073],[-105.70181076699998,39.705894716000046],[-105.69934536899996,39.707891816000028],[-105.69883162799994,39.708327843000063],[-105.69854629499997,39.708597948000033],[-105.69828362099997,39.70888252900005],[-105.69790116999997,39.709388887000046],[-105.69759929299994,39.709929599000077],[-105.69750124699999,39.710153457000047],[-105.69738219099997,39.710498116000053],[-105.69723966399994,39.711084334000077],[-105.69705607199995,39.712190142000054],[-105.69703923799995,39.71229153400003]]},"properties":{"OBJECTID":11,"RID":"070A","tmc":"116+04731","intersection":"15TH ST/EXIT 228","TMC_Along_I70Even_Statistics2_MIN_MEAS":225.86036102098498,"TMC_Along_I70Even_Statistics2_MAX_MEAS":227.69495084472931,"Shape_Length":0.032045108766023567}},{"type":"Feature","id":12,"geometry":{"type":"LineString","coordinates":[[-105.38825537199995,39.715809254000078],[-105.38776462799996,39.715846642000031],[-105.38692098899998,39.715910911000037],[-105.38688819599997,39.715911159000029],[-105.38633430099998,39.715915334000044],[-105.38535604399999,39.71587628900005],[-105.38483483999994,39.715818082000055],[-105.38469625099998,39.715817341000047],[-105.38389873599999,39.715691065000044],[-105.38355650999995,39.715610771000058],[-105.38308294599994,39.71549966200007],[-105.38203657599996,39.715218966000066],[-105.38152652199994,39.715082136000035],[-105.38080596099996,39.714914785000076],[-105.38037627899996,39.714847344000077],[-105.37966644699998,39.714794230000052],[-105.37911825399999,39.714797598000075],[-105.37885696899997,39.714813072000027],[-105.37859929799998,39.714836241000057],[-105.37841861999999,39.714862789000051],[-105.37807613899997,39.714913110000055],[-105.37768540799999,39.714989338000066],[-105.37729175999999,39.715085883000029],[-105.37530208499999,39.715612441000076],[-105.37489982899996,39.71569678600008],[-105.37449746199997,39.715761198000052],[-105.37369061899994,39.715838087000066],[-105.37314984799997,39.71583800600007],[-105.37273711299997,39.715812429000039],[-105.37246388299997,39.715777518000039],[-105.37217446599999,39.71574053900008],[-105.37160427399999,39.715623106000066],[-105.37107728799998,39.715474032000031],[-105.37050721299994,39.715259880000076],[-105.37005668999996,39.715048936000073],[-105.36957447699996,39.714774550000072],[-105.36891968499998,39.714324470000065],[-105.36808155299997,39.713748354000074],[-105.36777513499999,39.713555970000073],[-105.36753889699997,39.713407648000043],[-105.36740959099996,39.71336487800005],[-105.36701826399997,39.713166776000037],[-105.36692084299995,39.713126500000044],[-105.36649929799995,39.712952219000044],[-105.36645667799996,39.71293459900005],[-105.36600756399997,39.712790184000028],[-105.36574490699996,39.712727520000044],[-105.36558335499996,39.712688978000074],[-105.36554531999997,39.712679904000026],[-105.36508109899995,39.712592689000076],[-105.36462028399995,39.712531498000033],[-105.36432283199997,39.712508283000034],[-105.36344478799998,39.712481398000079],[-105.36321403799997,39.712455532000035],[-105.36319664699994,39.712467705000051],[-105.36290250199994,39.712453292000077],[-105.36262035899995,39.712482330000057],[-105.36140096999998,39.712469474000045],[-105.36069376099999,39.712462013000049],[-105.36039403999996,39.712456633000045],[-105.36030497499996,39.712436054000079],[-105.35817611199997,39.712413501000071],[-105.35705380499996,39.712373735000028],[-105.35636427699995,39.712316046000069],[-105.35558558199995,39.712217878000047],[-105.35488601299994,39.712096488000043],[-105.35404929499998,39.711909229000071],[-105.35308359399994,39.711667531000046],[-105.35215054799994,39.711350638000056],[-105.35202942099994,39.711309498000048],[-105.35145661299998,39.71108044500005],[-105.35093567499996,39.710831166000048],[-105.35041468899999,39.710571848000029],[-105.34991958399996,39.710292385000059],[-105.34990994999998,39.710286523000036],[-105.34947650799995,39.710022794000054],[-105.34892904299994,39.709663207000062],[-105.34839437599999,39.709263444000044],[-105.34795277199999,39.70889757100008],[-105.34791167799995,39.708863523000048],[-105.34651472999997,39.707493009000075],[-105.34578347999997,39.706742623000025],[-105.34524927199999,39.706256795000058],[-105.34480471399996,39.705852488000062],[-105.34436123199998,39.705492571000036],[-105.34316635999994,39.704746066000041],[-105.34278077299996,39.704536082000061],[-105.34259938499997,39.704437301000041],[-105.34252317799996,39.70440153100003],[-105.34212769199996,39.704215887000032],[-105.34182937599996,39.704096562000075]]},"properties":{"OBJECTID":12,"RID":"070A_DEC","tmc":"116-04233","intersection":"CR-65/EXIT 248","TMC_Along_I70Even_Statistics2_MIN_MEAS":247.76836141868461,"TMC_Along_I70Even_Statistics2_MAX_MEAS":250.58237360716168,"Shape_Length":0.049970020567928757}},{"type":"Feature","id":13,"geometry":{"type":"LineString","coordinates":[[-106.11368680599998,39.573313540000072],[-106.11352593499998,39.573622749000037],[-106.11331279699999,39.574132879000047],[-106.11310098199999,39.574737236000033],[-106.11281376999995,39.575690535000035],[-106.11206150799995,39.578181369000049],[-106.11196296099996,39.578463532000058],[-106.11180817799999,39.578912476000028]]},"properties":{"OBJECTID":13,"RID":"070A_DEC","tmc":"116N04723","intersection":"MAIN ST/EXIT 201","TMC_Along_I70Even_Statistics2_MIN_MEAS":200.76258141193881,"TMC_Along_I70Even_Statistics2_MAX_MEAS":201.05624534777579,"Shape_Length":0.0059131512379427672}},{"type":"Feature","id":14,"geometry":{"type":"LineString","coordinates":[[-105.55962148399999,39.755663245000051],[-105.55927639899994,39.75568527300004],[-105.55892326699995,39.755687228000056],[-105.55845001699998,39.755656439000063],[-105.55808379499996,39.755604103000053],[-105.55771361199999,39.75551844000006],[-105.55735013699996,39.75540751300008],[-105.55702088599998,39.755275718000064],[-105.55665475199999,39.755106170000033],[-105.55659123299995,39.755076756000051],[-105.55620713799999,39.754832178000072],[-105.55586435999999,39.754566854000075],[-105.55561421499999,39.754273173000058],[-105.55520169099998,39.753853237000044],[-105.55444839899997,39.753086395000025],[-105.55428686899995,39.752921957000069],[-105.55410353999997,39.752751506000038],[-105.55388110799998,39.752544697000076],[-105.55382732999999,39.75250413100008],[-105.55360482999998,39.752336294000031],[-105.55330080999994,39.752149927000062],[-105.55286069699997,39.751935853000077],[-105.55240242999997,39.751764835000074],[-105.55193992199997,39.751622821000069]]},"properties":{"OBJECTID":14,"RID":"070A_DEC","tmc":"116N04736","intersection":"CR-275/EXIT 238","TMC_Along_I70Even_Statistics2_MIN_MEAS":237.32226456311614,"TMC_Along_I70Even_Statistics2_MAX_MEAS":237.7292342760208,"Shape_Length":0.0090190213310249959}},{"type":"Feature","id":15,"geometry":{"type":"LineString","coordinates":[[-105.69642891999996,39.717612769000027],[-105.69637120999994,39.718007103000048],[-105.69633711499995,39.718240070000036],[-105.69627602399999,39.718629799000041],[-105.69624087399995,39.718854025000041],[-105.69588110499996,39.721149043000025],[-105.69578852899997,39.721739574000026],[-105.69560054999994,39.722680238000066],[-105.69538432599995,39.723411388000045],[-105.69507675099999,39.724253568000051],[-105.69438406999996,39.726081568000041],[-105.69398783499997,39.727127198000062],[-105.69294658299998,39.729874812000048],[-105.69293804899996,39.72989627100003],[-105.69265523299998,39.730607446000079],[-105.69250575199999,39.730983325000068],[-105.69230210399996,39.731406285000048],[-105.69194908799994,39.732022529000062],[-105.69166840899999,39.732411643000034],[-105.69134541899996,39.732807138000055],[-105.69128207999995,39.732884694000063],[-105.69077542999997,39.733431524000025],[-105.68752914799995,39.736712344000068],[-105.68711197499994,39.737174284000048],[-105.68678513899994,39.737575904000039],[-105.68654598999996,39.737917991000074],[-105.68622423099998,39.738448461000075],[-105.68467895199996,39.741286005000063],[-105.68464167599996,39.741354452000053],[-105.68422312399997,39.741986592000046],[-105.68404065099998,39.742209259000049],[-105.68370443199996,39.742560094000055],[-105.68333060599997,39.742890605000071],[-105.68320369599996,39.742984127000057],[-105.68290224699996,39.743206269000041],[-105.68244178999998,39.743503651000026],[-105.68174689599999,39.743889682000031],[-105.67996036799997,39.744833878000065],[-105.67955260499997,39.74503470500008],[-105.67883238399997,39.74538941600008],[-105.67757127799996,39.745923481000034],[-105.67736412299996,39.746005999000033],[-105.67481013199995,39.747023313000057],[-105.67147017099995,39.748353568000027],[-105.66760613999998,39.749892369000065],[-105.66719827899999,39.750054783000053],[-105.66614591499996,39.750473833000058],[-105.66610935799997,39.750488389000054]]},"properties":{"OBJECTID":15,"RID":"070A_DEC","tmc":"116-04731","intersection":"15TH ST/EXIT 228","TMC_Along_I70Even_Statistics2_MIN_MEAS":228.01868254319857,"TMC_Along_I70Even_Statistics2_MAX_MEAS":231.13820813082211,"Shape_Length":0.048008075229871029}},{"type":"Feature","id":16,"geometry":{"type":"LineString","coordinates":[[-105.69703923799995,39.71229153400003],[-105.69690135399998,39.713122015000067],[-105.69682659999995,39.713601055000026],[-105.69654618699997,39.715397930000051],[-105.69634228799998,39.716704461000063],[-105.69614210999998,39.717987107000056],[-105.69609611699997,39.718281797000031],[-105.69607078199999,39.718451609000056]]},"properties":{"OBJECTID":16,"RID":"070A","tmc":"116P04731","intersection":"15TH ST/EXIT 228","TMC_Along_I70Even_Statistics2_MIN_MEAS":227.69495084472931,"TMC_Along_I70Even_Statistics2_MAX_MEAS":228.06211784288331,"Shape_Length":0.0062357778560179402}},{"type":"Feature","id":17,"geometry":{"type":"LineString","coordinates":[[-105.90379648199996,39.679168078000032],[-105.90351039399997,39.679212535000033]]},"properties":{"OBJECTID":17,"RID":"070A_DEC","tmc":"116N10750","intersection":"EISENHOWER MEMORIAL TUNNEL (EAST)","TMC_Along_I70Even_Statistics2_MIN_MEAS":215.31917648696049,"TMC_Along_I70Even_Statistics2_MAX_MEAS":215.33689538198823,"Shape_Length":0.00028952162024740513}},{"type":"Feature","id":18,"geometry":{"type":"LineString","coordinates":[[-105.39163933399999,39.715555929000061],[-105.39128327299994,39.715578525000069],[-105.39034523899994,39.715650012000026],[-105.38976452899999,39.715694265000025],[-105.38834279299999,39.715802593000035],[-105.38825537199995,39.715809254000078]]},"properties":{"OBJECTID":18,"RID":"070A_DEC","tmc":"116N04233","intersection":"CR-65/EXIT 248","TMC_Along_I70Even_Statistics2_MIN_MEAS":247.60397648696062,"TMC_Along_I70Even_Statistics2_MAX_MEAS":247.76836141868461,"Shape_Length":0.0033934564251872973}},{"type":"Feature","id":19,"geometry":{"type":"LineString","coordinates":[[-106.42302654299999,39.62564627900008],[-106.42259875599996,39.626043825000067],[-106.42195002899996,39.626646672000049],[-106.42114451499998,39.627337698000076],[-106.42054225199996,39.627806254000063],[-106.42028332599995,39.628007695000065],[-106.41959893899997,39.62848316700007],[-106.41905487499997,39.628820089000044],[-106.41835559499998,39.629253120000044],[-106.41785725299997,39.629561713000044]]},"properties":{"OBJECTID":19,"RID":"070A","tmc":"116P04717","intersection":"CHAMONIX RD/EXIT 173","TMC_Along_I70Even_Statistics2_MIN_MEAS":173.13522268847231,"TMC_Along_I70Even_Statistics2_MAX_MEAS":173.52032032526455,"Shape_Length":0.0065039413488107408}},{"type":"Feature","id":20,"geometry":{"type":"LineString","coordinates":[[-105.59576002899996,39.764060547000042],[-105.59497826299997,39.764101865000043],[-105.59416121199996,39.764145040000074],[-105.59228570899995,39.764244122000036],[-105.59182352399995,39.764268533000063],[-105.59133953399999,39.764279821000059],[-105.59128215199996,39.764281159000063],[-105.59073060699995,39.764273839000055],[-105.59016566499997,39.764247582000053],[-105.58897324899999,39.764130996000063],[-105.58585850999998,39.763826402000063],[-105.58390490099998,39.763635312000076],[-105.58121409499995,39.763372058000073],[-105.58098295799999,39.763349441000059],[-105.58066163799998,39.763310241000056],[-105.58031994599997,39.763268554000035],[-105.57985545499997,39.763194174000034],[-105.57935109899995,39.763086508000072],[-105.57881567399994,39.76297220500004],[-105.57822839199997,39.76281076600003],[-105.57774762799994,39.76265896600006],[-105.57711348499998,39.762414421000074],[-105.57682062799995,39.762301486000069],[-105.57676490299997,39.762276417000066],[-105.57636991699997,39.762098728000069],[-105.57581967799996,39.761824686000068],[-105.57520020399994,39.761492882000027],[-105.57355986099998,39.760614244000067],[-105.57193488799999,39.759743792000052],[-105.57160287999994,39.759565940000073],[-105.57083667099994,39.759183292000046],[-105.57000499799994,39.758806976000074],[-105.56911514899997,39.758418975000041],[-105.56776669499999,39.757830987000034],[-105.56576842399994,39.756959601000062],[-105.56443626999999,39.756378657000027],[-105.56415929999997,39.75625787000007],[-105.56323528799999,39.755864313000075],[-105.56321328099995,39.755854939000074],[-105.56288243999995,39.755730302000075],[-105.56241858099997,39.75558992100008],[-105.56221341099996,39.755544137000072],[-105.56205217499996,39.75550815500003],[-105.56167826899997,39.755453247000048],[-105.56130209599996,39.755424700000049],[-105.56079640199994,39.755426678000049],[-105.55972316699996,39.755504805000044],[-105.55928880299996,39.755536421000045],[-105.55901327299995,39.755539002000035],[-105.55861195399996,39.755519283000069],[-105.55820718099994,39.755468972000074],[-105.55765902999997,39.755342321000057],[-105.55725571299996,39.75520021400007],[-105.55699741599994,39.755085908000069],[-105.55676694999994,39.754961827000045],[-105.55663117199998,39.754888723000079],[-105.55640475199999,39.754741744000057],[-105.55609460399995,39.754499318000057],[-105.55582463199994,39.754244867000068],[-105.55535585699994,39.753763014000072],[-105.55522817899998,39.753631771000073]]},"properties":{"OBJECTID":20,"RID":"070A","tmc":"116+04736","intersection":"CR-275/EXIT 238","TMC_Along_I70Even_Statistics2_MIN_MEAS":235.18331259236191,"TMC_Along_I70Even_Statistics2_MAX_MEAS":237.60926334077175,"Shape_Length":0.042852780712291948}},{"type":"Feature","id":21,"geometry":{"type":"LineString","coordinates":[[-105.88586172799995,39.685111641000049],[-105.88582829899997,39.685146843000041],[-105.88574045399997,39.685239347000049],[-105.88256412199996,39.688583914000048]]},"properties":{"OBJECTID":21,"RID":"070A_DEC","tmc":"116N04727","intersection":"US-6/EXIT 216","TMC_Along_I70Even_Statistics2_MIN_MEAS":216.34692460332445,"TMC_Along_I70Even_Statistics2_MAX_MEAS":216.64733680933008,"Shape_Length":0.0047886203773775879}},{"type":"Feature","id":22,"geometry":{"type":"LineString","coordinates":[[-106.42319647799997,39.625806236000074],[-106.42315092999996,39.625848868000048],[-106.42279486699999,39.626172752000059],[-106.42199029799997,39.626904595000042],[-106.42108273199995,39.627681651000046],[-106.42072740299994,39.627951851000034],[-106.42050655399999,39.628119784000035],[-106.41990561099999,39.628536731000054],[-106.41921015699995,39.62896935100008],[-106.41851211499994,39.629403573000047],[-106.41794423899995,39.629756816000054]]},"properties":{"OBJECTID":22,"RID":"070A_DEC","tmc":"116N04717","intersection":"CHAMONIX RD/EXIT 173","TMC_Along_I70Even_Statistics2_MIN_MEAS":173.13758043998777,"TMC_Along_I70Even_Statistics2_MAX_MEAS":173.52567688889161,"Shape_Length":0.0065912693814756769}},{"type":"Feature","id":23,"geometry":{"type":"LineString","coordinates":[[-106.67610488499997,39.699559587000067],[-106.67578107599996,39.699407682000071],[-106.67556142399997,39.699298962000057],[-106.67286503699995,39.697964281000054],[-106.67179982799996,39.697436982000056],[-106.67147373899996,39.697275558000058],[-106.66956214199996,39.696329225000056],[-106.66933160899998,39.69621509600006],[-106.66807930599998,39.695581605000029]]},"properties":{"OBJECTID":23,"RID":"070A_DEC","tmc":"116N04713","intersection":"CO-131/EXIT 157","TMC_Along_I70Even_Statistics2_MIN_MEAS":156.40779567885079,"TMC_Along_I70Even_Statistics2_MAX_MEAS":156.769702257435,"Shape_Length":0.0089574883545173595}},{"type":"Feature","id":24,"geometry":{"type":"LineString","coordinates":[[-105.52744293599994,39.74285586600007],[-105.52718090999997,39.742801433000068],[-105.52704681099999,39.742773574000068],[-105.52687860599997,39.742731192000065],[-105.52659931199997,39.742660819000037],[-105.52591495699994,39.742463527000041],[-105.52392626699998,39.74184899200003],[-105.52324248199994,39.741637682000032],[-105.52279224899996,39.741498543000034],[-105.52258198899995,39.741433565000079]]},"properties":{"OBJECTID":24,"RID":"070A_DEC","tmc":"116-04737","intersection":"STANLEY RD/EXIT 239","TMC_Along_I70Even_Statistics2_MIN_MEAS":239.25315940780149,"TMC_Along_I70Even_Statistics2_MAX_MEAS":239.52074404263274,"Shape_Length":0.0050667748711030521}},{"type":"Feature","id":25,"geometry":{"type":"LineString","coordinates":[[-105.55193992199997,39.751622821000069],[-105.55158858699997,39.751514942000028],[-105.55147205299994,39.751479159000041],[-105.55104419799994,39.751329579000071],[-105.55073046499996,39.75120041100007],[-105.55039240199994,39.751019417000066],[-105.55032854399997,39.750985229000037],[-105.55003591999997,39.75080162900008],[-105.54976717299996,39.750603498000032],[-105.54922144299996,39.750146211000072],[-105.54875359399995,39.749754177000057],[-105.54842762999999,39.749481030000027],[-105.54841964499997,39.749474338000027],[-105.54784129699999,39.74902770500006],[-105.54777797099996,39.748978801000078],[-105.54691293399998,39.748408141000027],[-105.54642461399999,39.748123467000028],[-105.54593747999996,39.747862452000049],[-105.54495887099995,39.747413470000026],[-105.54445933699998,39.747223553000026],[-105.54400838899994,39.747052104000034],[-105.54321437399994,39.746793644000036],[-105.54311567099995,39.746787165000057],[-105.54157905599999,39.746389485000066],[-105.54080717999994,39.746164857000053],[-105.54072856299996,39.746141979000072],[-105.54003611699994,39.745897504000027],[-105.53822039399995,39.745176155000024],[-105.53800038499998,39.745102757000041],[-105.53768101999998,39.744996209000078],[-105.53758769599995,39.744965075000039],[-105.53705384999995,39.744811131000063],[-105.53692269399994,39.744780223000078],[-105.53673455899997,39.744735887000047],[-105.53664866999998,39.744715645000042]]},"properties":{"OBJECTID":25,"RID":"070A_DEC","tmc":"116-04736","intersection":"CR-275/EXIT 238","TMC_Along_I70Even_Statistics2_MIN_MEAS":237.7292342760208,"TMC_Along_I70Even_Statistics2_MAX_MEAS":238.88662345847953,"Shape_Length":0.016967684209063274}},{"type":"Feature","id":26,"geometry":{"type":"LineString","coordinates":[[-105.88256412199996,39.688583914000048],[-105.88237048999997,39.688787796000042],[-105.88216200499994,39.689007309000033],[-105.88155477599997,39.689606782000055],[-105.88128595899997,39.689872161000039],[-105.88122714199994,39.689926374000038],[-105.88052368599995,39.690574759000071],[-105.87918814899996,39.691805695000028],[-105.87880846699994,39.692155631000048],[-105.87861211699999,39.692333431000066],[-105.87841933399994,39.692508001000078],[-105.87666882199994,39.694093079000027],[-105.87585326799996,39.694749397000066],[-105.87504443999995,39.695326417000047],[-105.87482851599998,39.695466053000075],[-105.87421793699997,39.695860905000075],[-105.87338561699994,39.696343181000032],[-105.87323209799996,39.696426871000028],[-105.87309561299998,39.69650127400007],[-105.87160906799994,39.697311632000037],[-105.87059272599998,39.697865647000071],[-105.86878753899998,39.698849621000079],[-105.86875719599999,39.69886616000008],[-105.86579330899997,39.700481599000057],[-105.86505719199994,39.700860353000053],[-105.86467745199997,39.701032652000038],[-105.86428918699994,39.701181199000075],[-105.86428204299995,39.70118393100006],[-105.86387648799996,39.701316370000029],[-105.86377879799994,39.701342527000065],[-105.86345859799997,39.701428257000032],[-105.86303142599996,39.701520945000027],[-105.86259680799998,39.701592230000074],[-105.86245002899994,39.701609026000028],[-105.86216189699996,39.701641996000035],[-105.86172568599994,39.701673708000044],[-105.86091190799999,39.701698767000039],[-105.86085032799997,39.701700663000054]]},"properties":{"OBJECTID":26,"RID":"070A_DEC","tmc":"116-04727","intersection":"US-6/EXIT 216","TMC_Along_I70Even_Statistics2_MIN_MEAS":216.64733680933008,"TMC_Along_I70Even_Statistics2_MAX_MEAS":218.15523660886149,"Shape_Length":0.025860159360258615}},{"type":"Feature","id":27,"geometry":{"type":"LineString","coordinates":[[-105.30375014499998,39.712389444000053],[-105.30359799799999,39.712349638000035],[-105.30311023999997,39.712239085000078],[-105.30285138499994,39.712180412000066],[-105.30278886699995,39.712164094000059],[-105.30195190699999,39.711945648000039],[-105.30035442099995,39.711528685000076],[-105.29608550599994,39.710414312000069],[-105.29494310699994,39.710116063000044],[-105.29473975599996,39.710064351000028],[-105.29369037299995,39.709797485000024],[-105.29283544699996,39.70961679800007],[-105.29213970099994,39.709487423000041],[-105.29137076999996,39.709370178000029],[-105.29073885299994,39.709300390000067]]},"properties":{"OBJECTID":27,"RID":"070A","tmc":"116P04237","intersection":"S MT VERNON COUNTRY CLUB RD/EXIT 254","TMC_Along_I70Even_Statistics2_MIN_MEAS":253.02817043777009,"TMC_Along_I70Even_Statistics2_MAX_MEAS":253.7498345465533,"Shape_Length":0.013383761140063309}},{"type":"Feature","id":28,"geometry":{"type":"LineString","coordinates":[[-105.61679848499995,39.766059493000057],[-105.61585122099996,39.765908354000032],[-105.61415460599994,39.765637626000057],[-105.61405775099996,39.765622171000075],[-105.61373418199997,39.765585506000036],[-105.61325378399994,39.76553106700004],[-105.61203862599996,39.765442064000069],[-105.61103068499995,39.765395256000033]]},"properties":{"OBJECTID":28,"RID":"070A_DEC","tmc":"116N04734","intersection":"EXIT 234","TMC_Along_I70Even_Statistics2_MIN_MEAS":234.05374377808852,"TMC_Along_I70Even_Statistics2_MAX_MEAS":234.30863254833986,"Shape_Length":0.005811957871113993}},{"type":"Feature","id":29,"geometry":{"type":"LineString","coordinates":[[-106.31176338499995,39.646131787000058],[-106.31165031299997,39.646085192000044],[-106.31109289099999,39.645855481000069],[-106.31097047399999,39.645805033000045],[-106.31053950399996,39.645611943000063],[-106.30813779199997,39.644535836000045],[-106.30778962599999,39.644379829000059],[-106.30777824399996,39.644374937000066],[-106.30546827699999,39.643381758000032],[-106.30418853299994,39.642831496000042],[-106.30394194899998,39.642725468000037]]},"properties":{"OBJECTID":29,"RID":"070A","tmc":"116P04719","intersection":"BIG HORN RD/EXIT 180","TMC_Along_I70Even_Statistics2_MIN_MEAS":179.62330286504763,"TMC_Along_I70Even_Statistics2_MAX_MEAS":180.09419776529356,"Shape_Length":0.0085314014304110949}},{"type":"Feature","id":30,"geometry":{"type":"LineString","coordinates":[[-105.43389991799995,39.743807366000055],[-105.43379136199997,39.743722149000064],[-105.43362337799999,39.743559431000051],[-105.43358935799995,39.743518944000073],[-105.43347510799998,39.743382980000035],[-105.43330924699995,39.743096678000029],[-105.43321581799995,39.742788044000065],[-105.43316116799997,39.74239871900005],[-105.43312675999999,39.741614119000076],[-105.43305406999997,39.741225934000056],[-105.43299153199996,39.741039046000026],[-105.43190414499998,39.738893284000028],[-105.43166223299994,39.73841589500006],[-105.43165125099995,39.738394221000078],[-105.43144257899996,39.738047986000026],[-105.43120496699999,39.73769872400004],[-105.43107096799997,39.737501758000064],[-105.42850393599997,39.734397131000037],[-105.42840368999998,39.734243020000065],[-105.42825517999995,39.73405021700006],[-105.42800964799994,39.73373145000005],[-105.42770588599996,39.733291540000039],[-105.42742105099995,39.732791958000064],[-105.42716372399997,39.732197549000034],[-105.42664659699994,39.731126046000043],[-105.42648219399996,39.730827102000035],[-105.42619846099996,39.730422849000036],[-105.42584976699999,39.730054817000052],[-105.42560426499995,39.729828640000051],[-105.42528500299994,39.729572829000062],[-105.42415964699995,39.728844681000055],[-105.42373166699997,39.728488240000047],[-105.42352311299999,39.72829351300004],[-105.42327539699994,39.72802106000006],[-105.42259139199996,39.727199578000068],[-105.42237805699995,39.726964834000057],[-105.42235901199996,39.726943876000064],[-105.42189656099998,39.726519351000036],[-105.42146192199999,39.726195119000067],[-105.42107048999998,39.725947645000076],[-105.42065588399998,39.725711560000036],[-105.42065271799999,39.725709756000072],[-105.41759360899994,39.724050856000076],[-105.41757588899998,39.72404124600007],[-105.41693879599995,39.723714539000071],[-105.41683064199998,39.72369543700006],[-105.41671651699994,39.723640894000027],[-105.41663503299998,39.723565807000057],[-105.41653208299999,39.723544813000046],[-105.41641694999998,39.723491695000064],[-105.41632398199994,39.723418570000035],[-105.41548553199999,39.723043100000041],[-105.41536358999997,39.723029737000047],[-105.41492151399996,39.722841767000034],[-105.41410648299996,39.722532095000076],[-105.41399998199995,39.722460781000052],[-105.41389588499999,39.722422615000028],[-105.41377320899994,39.722400709000055],[-105.41341738599999,39.722277553000026]]},"properties":{"OBJECTID":30,"RID":"070A","tmc":"116+04742","intersection":"BEAVER BROOK CANYON RD/EXIT 247","TMC_Along_I70Even_Statistics2_MIN_MEAS":244.56606356826785,"TMC_Along_I70Even_Statistics2_MAX_MEAS":246.3724640530088,"Shape_Length":0.031072715738530262}},{"type":"Feature","id":31,"geometry":{"type":"LineString","coordinates":[[-105.86108916999996,39.701490092000029],[-105.86090154299995,39.701497916000051],[-105.86079095099996,39.701502528000049],[-105.86064565799995,39.701522914000066],[-105.86046797399996,39.701528207000081],[-105.85835944699994,39.701590989000067],[-105.85721970099996,39.701624908000042],[-105.85580745899995,39.701666924000051],[-105.85499269999997,39.701691155000049],[-105.85434089699999,39.701710535000075],[-105.85397877899999,39.701721302000067],[-105.85353043499998,39.701734629000043]]},"properties":{"OBJECTID":31,"RID":"070A","tmc":"116P04728","intersection":"HERMON GULCH RD/EXIT 218","TMC_Along_I70Even_Statistics2_MIN_MEAS":218.14194918354136,"TMC_Along_I70Even_Statistics2_MAX_MEAS":218.54990594929976,"Shape_Length":0.0075635665056842738}},{"type":"Feature","id":32,"geometry":{"type":"LineString","coordinates":[[-106.83018530899994,39.658272967000073],[-106.82934677699996,39.658832241000027],[-106.82758715699998,39.660005788000035],[-106.82458978299996,39.662004677000027]]},"properties":{"OBJECTID":32,"RID":"070A","tmc":"116P04712","intersection":"EBY CREEK RD/EXIT 147","TMC_Along_I70Even_Statistics2_MIN_MEAS":146.46783631679375,"TMC_Along_I70Even_Statistics2_MAX_MEAS":146.86972892679626,"Shape_Length":0.0067257394214189836}},{"type":"Feature","id":33,"geometry":{"type":"LineString","coordinates":[[-106.94928025299998,39.652712483000073],[-106.94917532199997,39.652723154000057],[-106.94719285499997,39.652924723000069],[-106.94679925599996,39.652967837000062],[-106.94332197199998,39.653348666000056],[-106.94282521299999,39.653403062000052],[-106.94167913199999,39.653528550000033],[-106.94068717599998,39.653613410000048],[-106.94062669299996,39.653618583000025],[-106.93991332899998,39.653643384000077],[-106.93938752399998,39.653640651000046],[-106.93919276099996,39.653639638000072],[-106.93764240399997,39.653585031000034],[-106.93604598999997,39.65352878200008],[-106.93451965699995,39.653474981000045],[-106.93296393599996,39.653431604000048],[-106.93270199399996,39.653424298000061],[-106.93197242599996,39.653416802000038],[-106.93087859799999,39.653428142000053],[-106.92978542199995,39.653461478000054],[-106.92869342799997,39.653515394000067],[-106.92828544999998,39.65353553500006],[-106.92591174999995,39.653652691000048],[-106.92441003299996,39.653726782000035],[-106.92298482499996,39.653778650000049],[-106.92205125399994,39.653777115000025],[-106.92175393799994,39.653776623000056],[-106.92118269799994,39.653775679000034],[-106.91939522299998,39.653724014000034],[-106.91714934899994,39.653659060000052],[-106.91603526099999,39.653655620000052],[-106.91566399499999,39.653674296000077],[-106.91493178399998,39.653763639000033],[-106.91421760099996,39.653902673000061],[-106.91292382799998,39.654195906000041],[-106.91281936199999,39.654219583000042],[-106.91211736699995,39.654349737000075],[-106.91141018199994,39.654426357000034],[-106.91105710599999,39.654440928000042],[-106.91035489499995,39.654417185000057],[-106.91000769099998,39.654380290000063],[-106.90984173699997,39.654351510000026],[-106.90932592199994,39.654262058000029],[-106.90530060499998,39.653259088000027],[-106.90495508599997,39.653185734000033],[-106.90462531499998,39.653089630000068],[-106.90452920799999,39.653065716000071],[-106.90216472299994,39.652477326000053],[-106.90107486299996,39.652206100000058],[-106.90089014199998,39.652160130000027],[-106.89897106699999,39.651682508000079],[-106.89887558099997,39.651661853000064],[-106.89830318999998,39.65153803100003],[-106.89796635299996,39.651479637000079],[-106.89728595599996,39.651398425000025],[-106.89707110799998,39.651385444000027],[-106.89694362199998,39.651377741000033],[-106.89625811999997,39.651380306000078],[-106.89591648099997,39.651401208000038],[-106.89524058199999,39.651478085000065],[-106.89457707299994,39.651593540000079],[-106.89327438999999,39.65186501900007],[-106.89229736999994,39.652068618000044],[-106.89115973299994,39.652293216000032],[-106.89069042299997,39.652385865000042],[-106.89004250899995,39.652475911000067],[-106.88953995799994,39.652509102000067],[-106.88939247799999,39.652518843000053],[-106.88906849199998,39.652526078000051],[-106.88842498699995,39.652511860000061],[-106.88778698199997,39.652455131000067],[-106.88683570099994,39.652313795000055],[-106.88460357599996,39.651918785000078],[-106.88334259199996,39.651712424000038],[-106.88238027099999,39.651611636000041],[-106.88139417999997,39.65158285800004],[-106.88106219099996,39.651588857000036],[-106.88039843699994,39.651628610000046],[-106.87940798499994,39.651748129000055],[-106.87843052799997,39.651927041000079],[-106.87833127799996,39.651947792000044],[-106.87671918599995,39.652284848000079],[-106.87584973599996,39.652466622000077],[-106.87522402199994,39.652597433000039],[-106.87457076399994,39.652705168000068],[-106.87390207899995,39.652785057000074],[-106.87322152399997,39.65282884700008],[-106.87300755199999,39.652832903000046],[-106.87268701599999,39.652838978000034],[-106.87253251299995,39.652841906000049],[-106.87155543899996,39.652836043000036],[-106.86768908399995,39.652812768000047],[-106.86650792899997,39.652805632000025],[-106.86640659599999,39.652804445000072],[-106.86519895999999,39.65279028100008],[-106.86453972099997,39.652767757000049],[-106.86367755799995,39.652695867000034],[-106.86352887099997,39.652683467000031],[-106.86351114799999,39.652681023000071],[-106.86290634699998,39.652597597000067],[-106.86285181699998,39.652590076000024],[-106.86184374199996,39.652400150000062],[-106.86137255899996,39.652297745000055],[-106.85915026199996,39.651814735000073],[-106.85882767399994,39.651744617000077],[-106.85723265899998,39.651397908000035],[-106.85630647799996,39.65119657200006],[-106.85577454499997,39.651101959000073],[-106.85534094099995,39.651024833000065],[-106.85469808999994,39.650961899000038],[-106.85456253599995,39.650956050000048],[-106.85437656999994,39.650948025000048],[-106.85373723399999,39.650957314000038],[-106.85310480399994,39.651008655000055],[-106.85248049799998,39.651100359000054],[-106.85217285999994,39.651163801000052],[-106.85156889399997,39.651328207000063],[-106.85112059299996,39.651485894000075],[-106.85098316199998,39.651534233000064],[-106.85070005999995,39.651653349000071],[-106.85015296999995,39.651920684000061],[-106.84936510299997,39.652355187000069],[-106.84928988099995,39.652396671000076],[-106.84747650199995,39.653396695000026],[-106.84692957599998,39.653678619000061],[-106.84664493799994,39.65380460800003],[-106.84605348899998,39.654018926000049],[-106.84543945199994,39.65418195400008],[-106.84512490799995,39.654242086000068],[-106.84466554799997,39.654296930000044],[-106.84448690099998,39.654318259000036],[-106.84384520799995,39.654342732000032],[-106.84352624499996,39.65433438000008],[-106.84289680299997,39.654286057000036],[-106.84093966699999,39.65407063300006],[-106.84075669499998,39.654050492000067],[-106.84059202199995,39.654032365000035],[-106.84013301799996,39.653981834000035],[-106.83953078899998,39.653946402000031],[-106.83892429799994,39.653945538000073],[-106.83831959599996,39.653988612000035],[-106.83771920399994,39.654074381000044],[-106.83742193799998,39.654133099000035],[-106.83728278399997,39.65416841800004],[-106.83683810099996,39.654281279000031],[-106.83627291199997,39.654469111000026],[-106.83572986099995,39.654692870000076],[-106.83546799699997,39.65481716000005],[-106.83521394299999,39.654950408000047],[-106.83473180499999,39.655240387000049],[-106.83311084799999,39.656321643000069],[-106.83254844699997,39.656696777000036],[-106.83135151899995,39.657495134000044],[-106.83018530899994,39.658272967000073]]},"properties":{"OBJECTID":33,"RID":"070A","tmc":"116+04712","intersection":"EBY CREEK RD/EXIT 147","TMC_Along_I70Even_Statistics2_MIN_MEAS":139.86528087419029,"TMC_Along_I70Even_Statistics2_MAX_MEAS":146.46783631679375,"Shape_Length":0.12193018225764536}},{"type":"Feature","id":34,"geometry":{"type":"LineString","coordinates":[[-106.94952982199999,39.652998472000036],[-106.94923586199997,39.653032814000028],[-106.94889627599997,39.653072483000074],[-106.94860112799995,39.653122889000031],[-106.94686538499997,39.653318495000065],[-106.94673216599995,39.653333506000024],[-106.94552095699999,39.653452118000075],[-106.94524128799998,39.653494391000038],[-106.94338424699998,39.653694312000027],[-106.94288731499995,39.653747803000044],[-106.94214630799996,39.653827565000029],[-106.94073721499996,39.653952004000075],[-106.94058348899995,39.653965579000044],[-106.93963424699996,39.653991053000027],[-106.93937199599998,39.653983968000034],[-106.93762648999996,39.653936801000043],[-106.93638319299998,39.653903186000036],[-106.93603821999994,39.653898857000058],[-106.93537847399995,39.653890575000048],[-106.93405462599998,39.65391111100007],[-106.93301030999999,39.653965337000045],[-106.92875169499996,39.654186366000033],[-106.92834379899995,39.654207529000075],[-106.92597058299998,39.654330626000046],[-106.92498075199995,39.654381953000041],[-106.92359048099996,39.654444304000037],[-106.92275326799995,39.654460504000042],[-106.92202174699997,39.654441079000037],[-106.92172475099994,39.654433191000066],[-106.92160298799996,39.654429957000048],[-106.92070594299997,39.654367628000045],[-106.91930744899997,39.654219652000052],[-106.91714289299995,39.653990584000042],[-106.91627644899995,39.653944570000078],[-106.91540690299996,39.653974315000028],[-106.91455462499994,39.654077097000027],[-106.91396526299997,39.654190860000028],[-106.91300426199996,39.654408312000044],[-106.91277032199997,39.654461246000039],[-106.91216449699999,39.654557148000038],[-106.91155228799994,39.654629549000049],[-106.91093866799997,39.654651606000073],[-106.91033432199998,39.654623739000044],[-106.91003670499998,39.654592950000051],[-106.90978873099999,39.654554201000053],[-106.90944852699994,39.654501040000071],[-106.90442924099995,39.653389902000072],[-106.90442780699999,39.653389634000064],[-106.90320264399998,39.653160461000027],[-106.90258443999994,39.653068473000076],[-106.90205799999995,39.653004829000054],[-106.90094057999994,39.652869734000035],[-106.90075118699997,39.652846836000037],[-106.90072690199997,39.65284390000005],[-106.89981440999998,39.652714901000024],[-106.89892571499996,39.652555413000073],[-106.89860431499994,39.652492712000026],[-106.89692312599999,39.652164712000058],[-106.89690375799995,39.652162219000047],[-106.89633795299994,39.652089372000034],[-106.89574445199997,39.652054344000078],[-106.89515019499999,39.652066819000026],[-106.89485524499997,39.652091064000047],[-106.89427334199996,39.652172359000076],[-106.89343487299999,39.652341209000042],[-106.89146056099997,39.652738767000073],[-106.89128584399998,39.652766581000037],[-106.89090947199998,39.652826496000046],[-106.89007461599999,39.652909494000028],[-106.88957146599995,39.652931900000056],[-106.88951908699994,39.652934233000053],[-106.88896953499994,39.652936995000061],[-106.88842411299999,39.652904614000079],[-106.88762097199998,39.652798438000048],[-106.88364483199996,39.652101951000077],[-106.88304604799998,39.652014075000068],[-106.88244808799999,39.651956931000029],[-106.88185564999998,39.651928028000043],[-106.88125989699995,39.651925003000031],[-106.88065953299997,39.651949829000046],[-106.88005742499996,39.652005720000034],[-106.87915905299997,39.652142486000059],[-106.87844849199996,39.652288540000029],[-106.87683455899997,39.652620264000063],[-106.87596411499999,39.652799162000065],[-106.87464664699996,39.653069921000053],[-106.87381995199996,39.65322602100008],[-106.87314781999999,39.65333763700005],[-106.87296908899998,39.653367316000072],[-106.87282515599998,39.653388920000054],[-106.87173539599996,39.653552490000038],[-106.86877371999998,39.653996968000058],[-106.86786551499995,39.654082964000054],[-106.86778100299995,39.654086607000067],[-106.86695392799999,39.65412226400008],[-106.86638293299995,39.654116115000079],[-106.86604186399995,39.654112439000073],[-106.86543703999996,39.654083767000031],[-106.86483866499998,39.654032990000076],[-106.86424769099995,39.653957989000048],[-106.86337449499996,39.653816941000059],[-106.86321119999997,39.653790564000076],[-106.86261006899997,39.653693458000077],[-106.86249674999999,39.653675152000062],[-106.86105269799998,39.653431781000052],[-106.85880116299995,39.653052281000043],[-106.85847432799994,39.652997189000075],[-106.85685832899998,39.652724775000024],[-106.85632730099996,39.652635253000028],[-106.85551252199997,39.652516088000027],[-106.85495714599995,39.652462901000035],[-106.85448127199999,39.652447411000026],[-106.85439101599997,39.65244447300006],[-106.85410140599998,39.652451000000042],[-106.85351519199997,39.652495163000026],[-106.85292513899998,39.652579571000047],[-106.85262767999996,39.652637811000034],[-106.85203058399998,39.652789173000031],[-106.85185677299995,39.65284541300008],[-106.85173444199995,39.652884995000079],[-106.85087025899998,39.653222826000047],[-106.85020012499996,39.653511891000051],[-106.85011992999995,39.65354648400006],[-106.84862171099996,39.65419272400004],[-106.84777484399996,39.654530641000065],[-106.84719338399998,39.654713919000073],[-106.84689383499995,39.654789115000028],[-106.84627726399998,39.654900311000063],[-106.84564626699995,39.654965001000051],[-106.84532873799998,39.654976582000074],[-106.84469781899998,39.65496188700007],[-106.84456982499995,39.654950691000067],[-106.84438699899994,39.654934696000055],[-106.84377547499997,39.654848855000068],[-106.84086649199998,39.654304079000042],[-106.84068770699997,39.654270594000025],[-106.84052679499996,39.654240457000071],[-106.84048757499994,39.654233111000053],[-106.83987208799999,39.654168067000057],[-106.83956064499995,39.654152001000057],[-106.83893637699998,39.654152800000077],[-106.83862426299999,39.65417055000006],[-106.83800330499997,39.654241182000078],[-106.83769480799998,39.654292544000043],[-106.83736754399996,39.654373402000033],[-106.83710108199995,39.654439234000051],[-106.83622152999999,39.654723838000052],[-106.83567370699996,39.654972169000075],[-106.83515077099997,39.655259972000067],[-106.83329047999996,39.656489567000051],[-106.83272589699999,39.656862726000043],[-106.83172078699994,39.65752703000004],[-106.83152945499995,39.657654588000071],[-106.83011502999994,39.658597542000052]]},"properties":{"OBJECTID":34,"RID":"070A_DEC","tmc":"116-04711","intersection":"US-6/EXIT 140","TMC_Along_I70Even_Statistics2_MIN_MEAS":139.8549742855175,"TMC_Along_I70Even_Statistics2_MAX_MEAS":146.48502721909139,"Shape_Length":0.1219750361636006}},{"type":"Feature","id":35,"geometry":{"type":"LineString","coordinates":[[-105.39722768199994,39.716462812000032],[-105.39710176399996,39.716402941000069],[-105.39662241099995,39.71620494900003],[-105.39601019399998,39.715997543000071],[-105.39521680299998,39.715763079000055],[-105.39442045699997,39.71562182100007],[-105.39383004399997,39.715539788000058],[-105.39239414199994,39.715508026000066],[-105.39163933399999,39.715555929000061]]},"properties":{"OBJECTID":35,"RID":"070A_DEC","tmc":"116-04232","intersection":"CLEAR CREEK--JEFFERSON COUNTY BORDER","TMC_Along_I70Even_Statistics2_MIN_MEAS":247.28414545296405,"TMC_Along_I70Even_Statistics2_MAX_MEAS":247.60397648696062,"Shape_Length":0.0057292074806940211}},{"type":"Feature","id":36,"geometry":{"type":"LineString","coordinates":[[-105.34264602099995,39.704118525000069],[-105.34239905499999,39.704003267000076],[-105.34168457399994,39.703711448000035],[-105.34111160799995,39.703512996000029],[-105.34107932999996,39.703503039000054],[-105.34096880099997,39.703468949000069],[-105.33879981299998,39.702799939000045],[-105.33865780199994,39.702743942000041],[-105.33859676699996,39.70272946700004]]},"properties":{"OBJECTID":36,"RID":"070A","tmc":"116P04234","intersection":"US-40/EXIT 251","TMC_Along_I70Even_Statistics2_MIN_MEAS":250.54528863174639,"TMC_Along_I70Even_Statistics2_MAX_MEAS":250.76897648696058,"Shape_Length":0.0042853222419910924}},{"type":"Feature","id":37,"geometry":{"type":"LineString","coordinates":[[-106.44747318899999,39.60873667900006],[-106.44723499599996,39.608865207000065],[-106.44679418699997,39.609163341000055],[-106.44659443799998,39.609331609000037],[-106.44638140499995,39.609554588000037],[-106.44624377299999,39.60969864100008],[-106.44594001999997,39.610086739000053],[-106.44541832899995,39.610836586000062],[-106.44397694299994,39.612908252000068],[-106.44354768099998,39.613495012000044],[-106.44341466699996,39.613676830000031],[-106.44309753499999,39.614029800000026],[-106.44291883099999,39.614193586000056],[-106.44272612399999,39.614346571000056],[-106.44230918599999,39.614614478000078],[-106.44230035399994,39.614620153000033],[-106.44182630399996,39.614840413000024],[-106.44131938499999,39.615014933000054],[-106.44078951299997,39.615146908000042],[-106.43997305799996,39.615309614000068],[-106.43943429499996,39.615435799000068],[-106.43927036299999,39.615486943000064],[-106.43891243099995,39.615598611000053],[-106.43842199199997,39.615813763000062],[-106.43819114799999,39.615939160000039],[-106.43775856999997,39.61622060500008],[-106.43716577399999,39.616646053000068],[-106.43605326399995,39.61744447500007],[-106.43539255899998,39.617893225000046],[-106.43447748099999,39.618452066000032],[-106.43353536599994,39.618968069000061],[-106.43254280699995,39.619441889000029],[-106.43124682899997,39.619975231000069],[-106.43044306099995,39.620258643000057],[-106.42908778099996,39.620691132000047],[-106.42828932399999,39.620992206000039],[-106.42777650899995,39.621237606000079],[-106.42753228599997,39.621375377000049],[-106.42706445499999,39.621678774000031],[-106.42662438599996,39.622006269000053],[-106.42622932199998,39.62236383700008],[-106.42587454199997,39.622743075000074],[-106.42502078499996,39.62371246400005],[-106.42475301099995,39.62399087700004],[-106.42429135299994,39.62447086800006],[-106.42424537699998,39.624513596000043],[-106.42411379899994,39.62463587700006],[-106.42302654299999,39.62564627900008]]},"properties":{"OBJECTID":37,"RID":"070A","tmc":"116+04717","intersection":"CHAMONIX RD/EXIT 173","TMC_Along_I70Even_Statistics2_MIN_MEAS":171.1615764869606,"TMC_Along_I70Even_Statistics2_MAX_MEAS":173.13522268847231,"Shape_Length":0.030526321912630661}},{"type":"Feature","id":38,"geometry":{"type":"LineString","coordinates":[[-105.38818881999998,39.715637358000038],[-105.38809656899997,39.715645966000068],[-105.38786873899994,39.715664503000028]]},"properties":{"OBJECTID":38,"RID":"070A","tmc":"116P04233","intersection":"CR-65/EXIT 248","TMC_Along_I70Even_Statistics2_MIN_MEAS":247.77094036259612,"TMC_Along_I70Even_Statistics2_MAX_MEAS":247.78692496072108,"Shape_Length":0.00032123461041212438}},{"type":"Feature","id":39,"geometry":{"type":"LineString","coordinates":[[-105.31445965099999,39.713159550000057],[-105.31427285999996,39.713304312000048],[-105.31406335499997,39.713438735000068],[-105.31403386899996,39.713454867000053],[-105.31372801899994,39.713622216000033],[-105.31324525299999,39.713837802000057],[-105.31259613199995,39.714036044000068],[-105.31232819399997,39.714091864000068],[-105.31192500599997,39.714147792000063],[-105.31152192999997,39.714172230000031],[-105.31111960299995,39.714171867000061],[-105.31044267599998,39.714102177000029],[-105.30976027299994,39.713961683000036],[-105.30887449999994,39.713729990000047],[-105.30826221999996,39.71356983000004],[-105.30621546399999,39.713034414000049],[-105.30422121999999,39.712512691000029],[-105.30375014499998,39.712389444000053]]},"properties":{"OBJECTID":39,"RID":"070A","tmc":"116+04237","intersection":"S MT VERNON COUNTRY CLUB RD/EXIT 254","TMC_Along_I70Even_Statistics2_MIN_MEAS":252.4072368017097,"TMC_Along_I70Even_Statistics2_MAX_MEAS":253.02817043777009,"Shape_Length":0.011151400758438618}},{"type":"Feature","id":40,"geometry":{"type":"LineString","coordinates":[[-106.58340379899994,39.64751156300008],[-106.58323464099999,39.647384962000046],[-106.58322916299994,39.647380862000034],[-106.58266078399998,39.646880082000052],[-106.58205852899994,39.646313686000042],[-106.58198785699994,39.646247222000056],[-106.58137383399998,39.645669742000052],[-106.58096871899994,39.645339763000038],[-106.58075234899997,39.645185887000025],[-106.58029278299995,39.644904212000029],[-106.57980165799995,39.644661529000075],[-106.57928546999995,39.644456651000041],[-106.57874279199996,39.64428668100004],[-106.57595217099998,39.64358448400003],[-106.57417993399997,39.643152387000043],[-106.57315099299996,39.64290150100004],[-106.57289623999998,39.642839384000069],[-106.57202262699997,39.642667034000056],[-106.57111808999997,39.64256331200005],[-106.57050160099999,39.642534757000078],[-106.56987605299997,39.642536369000027],[-106.56752969399997,39.642584652000039],[-106.56619084999994,39.64261218200005],[-106.56161644599996,39.642706127000054],[-106.56107718799996,39.642717189000052],[-106.55872114599998,39.64276549300007],[-106.55810460399999,39.642750569000043],[-106.55806504299994,39.642747444000065],[-106.55749644499997,39.642702523000025],[-106.55661323799995,39.642559486000039],[-106.55603716099995,39.642421574000025],[-106.55547352999997,39.642249929000059],[-106.55539377699995,39.642219609000051],[-106.55492970499995,39.64204318000003],[-106.55440454399996,39.641807569000036],[-106.55378083099998,39.641479426000046],[-106.55007473199998,39.639529478000043],[-106.54957628199998,39.639267201000052],[-106.54863702799997,39.638772970000048],[-106.54787260599994,39.638392554000063],[-106.54734050199994,39.638173958000039],[-106.54678288199995,39.637995262000061],[-106.54620061299994,39.637856426000042],[-106.54590124399999,39.637806066000053],[-106.54529290899995,39.637745722000034],[-106.54498493199998,39.637732179000068],[-106.54436942799998,39.637739215000067],[-106.54375848499996,39.637793601000055],[-106.54315675799995,39.63789431500004],[-106.54286209599996,39.637962300000027],[-106.54228652899997,39.638124384000037],[-106.54073591799994,39.638621344000057],[-106.54033559299995,39.638749641000061],[-106.53837098899999,39.639379233000057],[-106.53722373699998,39.63970499900006],[-106.53663765599998,39.639843642000073],[-106.53574510399994,39.640014730000075],[-106.53483391399999,39.640151651000053],[-106.53392030099997,39.640247793000071],[-106.53301000299996,39.640299836000054],[-106.53238289699999,39.640306169000041],[-106.53179668299998,39.640312087000041],[-106.53088323699995,39.640272434000053],[-106.52996840899999,39.640192087000059],[-106.52905157699996,39.64006584200007],[-106.52814332999998,39.639899531000026],[-106.52724030599995,39.639694778000035],[-106.52635477799998,39.639449928000033],[-106.52596109299998,39.639322746000062],[-106.52578360599995,39.639265409000075],[-106.52552284599994,39.63917205000007]]},"properties":{"OBJECTID":40,"RID":"070A","tmc":"116+04715","intersection":"AVON RD/EXIT 167","TMC_Along_I70Even_Statistics2_MIN_MEAS":163.03602418654887,"TMC_Along_I70Even_Statistics2_MAX_MEAS":166.37546290242773,"Shape_Length":0.06070248465912724}},{"type":"Feature","id":41,"geometry":{"type":"LineString","coordinates":[[-106.31093929899998,39.646021793000045],[-106.31040925899998,39.645789767000053],[-106.30799383699997,39.644732357000066],[-106.30769175199998,39.644600106000041],[-106.30764675899997,39.64458312000005],[-106.30746564999998,39.644514747000073],[-106.30679975299995,39.644189587000028],[-106.30533982999998,39.643549893000056],[-106.30459318799996,39.643222724000054]]},"properties":{"OBJECTID":41,"RID":"070A_DEC","tmc":"116N04719","intersection":"BIG HORN RD/EXIT 180","TMC_Along_I70Even_Statistics2_MIN_MEAS":179.66487648696057,"TMC_Along_I70Even_Statistics2_MAX_MEAS":180.04628103562851,"Shape_Length":0.0069369241567279654}},{"type":"Feature","id":42,"geometry":{"type":"LineString","coordinates":[[-105.93515952799999,39.678976779000038],[-105.93498018099996,39.678983175000042],[-105.93475593499994,39.678991171000064],[-105.93468892399994,39.67899393700003]]},"properties":{"OBJECTID":42,"RID":"070A_DEC","tmc":"116N04726","intersection":"EISENHOWER MEMORIAL TUNNEL (WEST)","TMC_Along_I70Even_Statistics2_MIN_MEAS":213.55597112607796,"TMC_Along_I70Even_Statistics2_MAX_MEAS":213.56992438761867,"Shape_Length":0.00047091758715310853}},{"type":"Feature","id":43,"geometry":{"type":"LineString","coordinates":[[-105.59908373899998,39.764101198000048],[-105.59905483999995,39.764097389000028],[-105.59743329199995,39.764117666000061],[-105.59499283899999,39.764255561000027],[-105.59417606899996,39.764301700000033],[-105.59304973499997,39.764365313000042]]},"properties":{"OBJECTID":43,"RID":"070A_DEC","tmc":"116N04735","intersection":"CR-308/EXIT 235","TMC_Along_I70Even_Statistics2_MIN_MEAS":235.00497648696046,"TMC_Along_I70Even_Statistics2_MAX_MEAS":235.32965284480122,"Shape_Length":0.0060413704919406721}},{"type":"Feature","id":44,"geometry":{"type":"LineString","coordinates":[[-105.80921222699999,39.691891265000038],[-105.80897847899996,39.691915744000028],[-105.80885158799998,39.691929031000029],[-105.80870741399997,39.691951462000077],[-105.80844284099999,39.691992622000043],[-105.80680142599999,39.692320529000028],[-105.80669309799998,39.692357060000063],[-105.80538240699997,39.692634534000035],[-105.80534034799996,39.692643438000061],[-105.80521756699994,39.692681745000073],[-105.80507729399994,39.692698546000031],[-105.80500245899998,39.692714876000025],[-105.80281166599997,39.693192907000025],[-105.80255216999996,39.69326312700008],[-105.80195645699996,39.693424324000034],[-105.80174858999999,39.693489837000072],[-105.80127019299994,39.693640611000035]]},"properties":{"OBJECTID":44,"RID":"070A_DEC","tmc":"116N04729","intersection":"CR-321/STEVENS GULCH RD/EXIT 22","TMC_Along_I70Even_Statistics2_MIN_MEAS":221.08622185142298,"TMC_Along_I70Even_Statistics2_MAX_MEAS":221.52755642452109,"Shape_Length":0.0081415115506760852}},{"type":"Feature","id":45,"geometry":{"type":"LineString","coordinates":[[-106.45884534199996,39.611841877000074],[-106.45878467699998,39.611691316000076],[-106.45858299699995,39.611365147000072],[-106.45854208299994,39.611298977000047],[-106.45823091199998,39.610941513000057],[-106.45795145399995,39.610700038000061],[-106.45786541899997,39.610625696000056],[-106.45745603299997,39.610353524000061],[-106.45723492799999,39.610236125000029],[-106.45677196599996,39.61003680400006],[-106.45629081599998,39.609878435000041],[-106.45415696499998,39.609318821000045],[-106.45229649799995,39.608830864000026],[-106.45095600699995,39.60847926100007],[-106.45070711899996,39.608427812000059],[-106.45047616999994,39.608380072000045],[-106.45025742499996,39.608352493000041],[-106.45023345899995,39.608349470000064],[-106.44961125999998,39.608325309000065],[-106.44915006899998,39.608360899000047]]},"properties":{"OBJECTID":45,"RID":"070A_DEC","tmc":"116N04716","intersection":"US-6/EXIT 171","TMC_Along_I70Even_Statistics2_MIN_MEAS":170.52815620517345,"TMC_Along_I70Even_Statistics2_MAX_MEAS":171.08212417331956,"Shape_Length":0.01066818980472516}},{"type":"Feature","id":46,"geometry":{"type":"LineString","coordinates":[[-105.34182937599996,39.704096562000075],[-105.34152410299998,39.703974454000047],[-105.34092628599996,39.703769899000065],[-105.34081754499999,39.703732690000038],[-105.34079207299999,39.70372397400007],[-105.33891500399994,39.703150704000052],[-105.33855947899997,39.703021407000051],[-105.33848869999997,39.70299981200003]]},"properties":{"OBJECTID":46,"RID":"070A_DEC","tmc":"116N04234","intersection":"US-40/EXIT 251","TMC_Along_I70Even_Statistics2_MIN_MEAS":250.58237360716168,"TMC_Along_I70Even_Statistics2_MAX_MEAS":250.76754845977575,"Shape_Length":0.0035174508592543483}},{"type":"Feature","id":47,"geometry":{"type":"LineString","coordinates":[[-105.63513349199997,39.76395959000007],[-105.63422202399994,39.76413464500007],[-105.63385376699995,39.764214179000078],[-105.63353917699999,39.764282121000065],[-105.63287126499995,39.764460964000079],[-105.63224620699998,39.764667514000053],[-105.63156729499997,39.764933185000075],[-105.63056659299997,39.765351985000052],[-105.63009318799999,39.765524762000041],[-105.62935178899994,39.765749224000047],[-105.62874144099999,39.76589756900006],[-105.62806533899999,39.766023271000051],[-105.62748365099998,39.766100315000074],[-105.62671117599996,39.76618280200006],[-105.62508892799997,39.766356014000053],[-105.62430184499999,39.766419990000031],[-105.62324773299997,39.766462559000047],[-105.62244022199997,39.766468810000049],[-105.62151862799999,39.766447784000036],[-105.62098830599996,39.766415320000078],[-105.62055504399996,39.766388796000058],[-105.61991230299998,39.766326313000036]]},"properties":{"OBJECTID":47,"RID":"070A","tmc":"116+04734","intersection":"EXIT 234","TMC_Along_I70Even_Statistics2_MIN_MEAS":233.0469764869606,"TMC_Along_I70Even_Statistics2_MAX_MEAS":233.88768677787971,"Shape_Length":0.015564972660267084}},{"type":"Feature","id":48,"geometry":{"type":"LineString","coordinates":[[-106.11367505199996,39.572720263000065],[-106.11356693199997,39.572878846000037],[-106.11353978499994,39.572918661000074],[-106.11323957999997,39.573491248000039],[-106.11306648799996,39.573906114000067],[-106.11285672599996,39.574495545000048],[-106.11251482599994,39.575636595000049],[-106.11190223599999,39.577680956000052],[-106.11166242999997,39.578417109000043],[-106.11161529499998,39.57856180400006],[-106.11143140499996,39.579036672000029]]},"properties":{"OBJECTID":48,"RID":"070A","tmc":"116P04723","intersection":"MAIN ST/EXIT 201","TMC_Along_I70Even_Statistics2_MIN_MEAS":200.71171107806038,"TMC_Along_I70Even_Statistics2_MAX_MEAS":201.07995226784118,"Shape_Length":0.0067227829632360249}},{"type":"Feature","id":49,"geometry":{"type":"LineString","coordinates":[[-105.39841492399995,39.717109821000065],[-105.39814700899996,39.716943622000031],[-105.39798098199998,39.716851986000052]]},"properties":{"OBJECTID":49,"RID":"070A_DEC","tmc":"116N04743","intersection":"JEFFERSON/CLEAR CREEK CO LINE","TMC_Along_I70Even_Statistics2_MIN_MEAS":247.21038858064702,"TMC_Along_I70Even_Statistics2_MAX_MEAS":247.23525230663031,"Shape_Length":0.00050491534929450964}},{"type":"Feature","id":50,"geometry":{"type":"LineString","coordinates":[[-105.33848869999997,39.70299981200003],[-105.33846259599994,39.702991848000067],[-105.33531493199996,39.70203140700005],[-105.33485008499997,39.701902009000037],[-105.33479725399997,39.70189010100006],[-105.33413490899994,39.701740810000047],[-105.33380001399996,39.701665325000079],[-105.33333384099996,39.701633289000029],[-105.33295727999996,39.70162483200005],[-105.33220760399996,39.701684196000031],[-105.33183751199999,39.701737697000056],[-105.33126401699997,39.701851385000055],[-105.33073083199997,39.702005476000068],[-105.33021631399998,39.702190508000058],[-105.32987454699997,39.702360741000064],[-105.32915132799997,39.702782340000056],[-105.32915127399997,39.702782370000079],[-105.32857056799998,39.703152748000036],[-105.32650810299998,39.704468144000032],[-105.32482141199995,39.705587200000025]]},"properties":{"OBJECTID":50,"RID":"070A_DEC","tmc":"116-04234","intersection":"US-40/EXIT 251","TMC_Along_I70Even_Statistics2_MIN_MEAS":250.76754845977575,"TMC_Along_I70Even_Statistics2_MAX_MEAS":251.59572261101383,"Shape_Length":0.014911649880092514}},{"type":"Feature","id":51,"geometry":{"type":"LineString","coordinates":[[-106.14616479599994,39.504084472000045],[-106.14585604799998,39.504271134000078],[-106.14570811899995,39.504360568000038],[-106.14524261399998,39.504699223000046],[-106.14492349499994,39.504980027000045],[-106.14472593299996,39.505178160000071],[-106.14459175699994,39.50533800200003],[-106.14427988199998,39.505709525000043],[-106.14405209099999,39.506039056000077],[-106.14385513599996,39.506369470000038],[-106.14377193199999,39.506557569000051],[-106.14371788399995,39.506679753000071],[-106.14353486299996,39.507166250000068],[-106.14346174599996,39.507487345000072],[-106.14342012299994,39.507871690000059],[-106.14341521199998,39.508194529000036],[-106.14343073999999,39.508388717000059],[-106.14345327099994,39.508670489000053],[-106.14349149599997,39.508849698000063],[-106.14360113499998,39.509363713000027],[-106.14364131499997,39.50949627600005]]},"properties":{"OBJECTID":51,"RID":"070A","tmc":"116P04721","intersection":"CO-91/EXIT 195","TMC_Along_I70Even_Statistics2_MIN_MEAS":195.06594608288913,"TMC_Along_I70Even_Statistics2_MAX_MEAS":195.45697648696057,"Shape_Length":0.0065158749539894279}},{"type":"Feature","id":52,"geometry":{"type":"LineString","coordinates":[[-105.31845242299994,39.709762899000054],[-105.31825795299994,39.70992547600008],[-105.31812623199994,39.710035593000043],[-105.31773106699995,39.710365947000071],[-105.31684637499995,39.711105523000072],[-105.31650873099994,39.711412965000079],[-105.31602269299998,39.71185551700006],[-105.31580813599999,39.71205087800007],[-105.31544625199996,39.712336244000028],[-105.31529075999998,39.712458858000048],[-105.31481742399995,39.712882276000073],[-105.31455228699997,39.713087758000029],[-105.31445965099999,39.713159550000057]]},"properties":{"OBJECTID":52,"RID":"070A","tmc":"116P04236","intersection":"GENESEE DR/MOSS ROCK RD/EXIT 253","TMC_Along_I70Even_Statistics2_MIN_MEAS":252.0697906162178,"TMC_Along_I70Even_Statistics2_MAX_MEAS":252.4072368017097,"Shape_Length":0.0052440833468596617}},{"type":"Feature","id":53,"geometry":{"type":"LineString","coordinates":[[-105.32515140699996,39.705147264000061],[-105.32440386399998,39.705640989000074]]},"properties":{"OBJECTID":53,"RID":"070A","tmc":"116P04235","intersection":"CO-74/EVERGREEN PKWY/EXIT 252","TMC_Along_I70Even_Statistics2_MIN_MEAS":251.5606182438886,"TMC_Along_I70Even_Statistics2_MAX_MEAS":251.61637486790846,"Shape_Length":0.00089587103562360879}},{"type":"Feature","id":54,"geometry":{"type":"LineString","coordinates":[[-106.14364131499997,39.50949627600005],[-106.14370033099999,39.509690987000056],[-106.14402232699996,39.510753314000056],[-106.14431504399994,39.511719018000065],[-106.14441540599995,39.512050114000033],[-106.14454090699996,39.512464138000041],[-106.14491399299999,39.513694915000031],[-106.14492445299999,39.513788311000042],[-106.14502462499996,39.514122838000048],[-106.14521236899998,39.514730855000039],[-106.14528077899996,39.51489712800003],[-106.14539272099995,39.515263678000053],[-106.14569874999995,39.516265752000038],[-106.14578234499999,39.516539479000073],[-106.14589503999997,39.516986929000041],[-106.14591697399999,39.517074015000048],[-106.14601369999997,39.517712712000048],[-106.14601461599995,39.518347610000035],[-106.14594894299995,39.518815978000077],[-106.14579110099999,39.519374733000063],[-106.14567806799994,39.519653541000025],[-106.14539732099996,39.520205670000053],[-106.14521732599997,39.52047200100003],[-106.14479207899996,39.520989988000053],[-106.14455212699994,39.521234708000065],[-106.14444080699997,39.521336190000056],[-106.14421588399995,39.521541228000046],[-106.14405917299996,39.521666494000044],[-106.14386942699997,39.521818163000034],[-106.14333519899998,39.522191636000059],[-106.14174033299997,39.523217272000068],[-106.14096042599999,39.52371880000004],[-106.14004609199998,39.524325277000059],[-106.13945638699994,39.524779107000029],[-106.13903120299994,39.525175409000042],[-106.13857776699996,39.525734349000061],[-106.13837599899995,39.526049880000073],[-106.13824662399998,39.526299585000061],[-106.13809719999995,39.526650223000047],[-106.13805333199997,39.526781333000031],[-106.13795998599994,39.527060329000051],[-106.13786695999994,39.527607464000027],[-106.13784685299999,39.528193219000059],[-106.13788655499997,39.528551191000076],[-106.13794030399998,39.528828819000069],[-106.13812453199995,39.529402461000075],[-106.13830738699994,39.529783972000075],[-106.13847273599998,39.530075337000028],[-106.13873141499994,39.530462847000081],[-106.13924623999998,39.531128877000071],[-106.14113581499998,39.533435223000026],[-106.14126960599998,39.533544095000025],[-106.14170212799996,39.534097604000067],[-106.14171597799998,39.534115328000041]]},"properties":{"OBJECTID":54,"RID":"070A","tmc":"116+04722","intersection":"CR-1220/CR-1070/EXIT 198","TMC_Along_I70Even_Statistics2_MIN_MEAS":195.45697648696057,"TMC_Along_I70Even_Statistics2_MAX_MEAS":197.58146505122616,"Shape_Length":0.029820915116812115}},{"type":"Feature","id":55,"geometry":{"type":"LineString","coordinates":[[-106.14200962399997,39.53419845600007],[-106.14208383399995,39.534289519000026],[-106.14230668999994,39.534562987000072],[-106.14259311499995,39.534977745000049],[-106.14284303999995,39.53545156000007],[-106.14285079099994,39.535466253000038],[-106.14296448899995,39.535700987000041],[-106.14309520499995,39.536059279000028],[-106.14321865699998,39.536583903000064],[-106.14325091299997,39.537028229000043],[-106.14324867899995,39.537219662000041],[-106.14324676299998,39.537383979000026],[-106.14322062699995,39.53765485200006],[-106.14321688999996,39.537693589000071],[-106.14316307499996,39.537902449000057],[-106.14288609899995,39.538748559000055],[-106.14274449499999,39.539097316000039],[-106.14267323699994,39.539202696000075],[-106.14254269299994,39.539395747000071],[-106.14234974399994,39.539664843000025],[-106.14197370099998,39.540124180000078],[-106.14196770599995,39.540131502000065],[-106.14160701999998,39.540531530000067],[-106.14157126899994,39.540568290000067],[-106.14147148399996,39.540670893000026]]},"properties":{"OBJECTID":55,"RID":"070A_DEC","tmc":"116N04722","intersection":"CR-1220/CR-1070/EXIT 198","TMC_Along_I70Even_Statistics2_MIN_MEAS":197.59523800734044,"TMC_Along_I70Even_Statistics2_MAX_MEAS":198.11668125506182,"Shape_Length":0.007329959165531137}},{"type":"Feature","id":56,"geometry":{"type":"LineString","coordinates":[[-105.65433131699996,39.759317691000035],[-105.65405550999998,39.75947717400004],[-105.65401759499997,39.759496245000037],[-105.65339145399997,39.759811170000035],[-105.65281077099996,39.760054872000069],[-105.65245262699995,39.760184649000053],[-105.65235283799996,39.760220807000053],[-105.65172806699996,39.760415665000039],[-105.64951798899995,39.760987711000041],[-105.64846489399997,39.761260271000026]]},"properties":{"OBJECTID":56,"RID":"070A","tmc":"116P04732","intersection":"US-40/EXIT 232","TMC_Along_I70Even_Statistics2_MIN_MEAS":231.97530302931645,"TMC_Along_I70Even_Statistics2_MAX_MEAS":232.32802442956003,"Shape_Length":0.006203893917541321}},{"type":"Feature","id":57,"geometry":{"type":"LineString","coordinates":[[-106.49927058799994,39.629587972000024],[-106.49897477699994,39.629502264000052],[-106.49872154499997,39.629428890000042],[-106.49831709899996,39.629291194000075],[-106.49815835099997,39.629237147000026],[-106.49809638999994,39.629211558000065],[-106.49788908599999,39.629125946000045],[-106.49738138199996,39.628873270000042],[-106.49691340299995,39.628584257000057],[-106.49669418499997,39.628426510000054],[-106.49648480299999,39.628258716000062],[-106.49628007699994,39.628065267000068],[-106.49609871499996,39.627893894000067],[-106.49607003799997,39.627861235000069],[-106.49605950799997,39.627849243000071],[-106.49601738899997,39.627801273000046],[-106.49582785099994,39.627585411000041],[-106.49505184199995,39.62670160600004],[-106.49466761699995,39.626325843000075],[-106.49445554099998,39.626150105000079],[-106.49399577899999,39.625822561000064],[-106.49349142899996,39.625531594000051],[-106.49294949799997,39.625285088000055],[-106.49266663299994,39.625179229000025],[-106.49250347399999,39.625125936000074],[-106.49237695799997,39.62508461200008],[-106.49211625899994,39.625016817000073],[-106.49178052899998,39.624929510000072],[-106.49116925399994,39.624819375000072],[-106.49086974699998,39.624782025000059]]},"properties":{"OBJECTID":57,"RID":"070A","tmc":"116P06999","intersection":"WILLIAM J POST BLVD","TMC_Along_I70Even_Statistics2_MIN_MEAS":167.94513730937857,"TMC_Along_I70Even_Statistics2_MAX_MEAS":168.52055792321045,"Shape_Length":0.0099322195023987814}},{"type":"Feature","id":58,"geometry":{"type":"LineString","coordinates":[[-105.32482141199995,39.705587200000025],[-105.32385588199998,39.706227784000077],[-105.32361534999995,39.70638368300007]]},"properties":{"OBJECTID":58,"RID":"070A_DEC","tmc":"116N04235","intersection":"CO-74/EVERGREEN PKWY/EXIT 252","TMC_Along_I70Even_Statistics2_MIN_MEAS":251.59572261101383,"TMC_Along_I70Even_Statistics2_MAX_MEAS":251.68563137144497,"Shape_Length":0.0014453403706544518}},{"type":"Feature","id":59,"geometry":{"type":"LineString","coordinates":[[-105.60967073799998,39.765184588000068],[-105.60937877499998,39.765170612000077],[-105.60898449099994,39.765151735000074],[-105.60670302399996,39.765042483000059],[-105.60574996299994,39.764966599000047],[-105.60486809199995,39.764861689000043],[-105.60412629499996,39.764751069000056],[-105.60183962999997,39.764370634000045],[-105.60031754099998,39.764117375000069],[-105.59970168099994,39.764039913000033],[-105.59916659899994,39.763992271000063],[-105.59910897399999,39.763987139000051]]},"properties":{"OBJECTID":59,"RID":"070A","tmc":"116+04735","intersection":"CR-308/EXIT 235","TMC_Along_I70Even_Statistics2_MIN_MEAS":234.3709826702374,"TMC_Along_I70Even_Statistics2_MAX_MEAS":235.00497648696046,"Shape_Length":0.010642155374607344}},{"type":"Feature","id":60,"geometry":{"type":"LineString","coordinates":[[-106.47930006099995,39.621069168000076],[-106.47757028599995,39.620942305000028],[-106.47716166299995,39.620912330000067],[-106.47593972699997,39.620822691000058],[-106.47501119499998,39.62073373700008],[-106.47379033999994,39.620578022000075],[-106.47318813299995,39.620482555000081],[-106.47228968099995,39.620320873000026],[-106.47154833499997,39.620166551000068],[-106.47139875899995,39.620135416000039],[-106.47123331399996,39.620095097000046],[-106.47052866199999,39.619923370000038],[-106.46993479599996,39.61977863900006],[-106.46935907799997,39.619618006000053],[-106.46850919799999,39.619355712000072],[-106.46792169399998,39.619156866000026],[-106.46397361999999,39.617820499000061],[-106.46324042299995,39.617572302000042],[-106.46244577399995,39.617303295000056],[-106.46135789299996,39.616908380000041],[-106.46135178199995,39.616905571000075],[-106.46084506999995,39.616672747000052],[-106.46060794299996,39.616534330000036],[-106.46038717199997,39.616381782000076],[-106.46018309699997,39.616216297000051],[-106.45981495099994,39.61586234400005],[-106.45965774899997,39.615671936000069],[-106.45940946899998,39.615272236000067],[-106.45924987599994,39.614837040000054],[-106.45916747499996,39.614395610000031],[-106.45915249499996,39.61394733000003],[-106.45918415499995,39.612825251000061],[-106.45913960399997,39.612388105000036],[-106.45903590499995,39.612013596000054],[-106.45902133199996,39.611960964000048],[-106.45883031699998,39.611548116000051],[-106.45868184099999,39.611328582000056],[-106.45856485199994,39.611155601000064],[-106.45822615199995,39.610791162000055],[-106.45803698099996,39.610640821000061],[-106.45781675099994,39.61046579300006],[-106.45759044599998,39.610319090000075],[-106.45709968099999,39.610065826000039],[-106.45683775499998,39.609958443000039],[-106.45628422499999,39.609779092000053],[-106.45419423099997,39.609233806000077],[-106.45336094399994,39.60901638100006]]},"properties":{"OBJECTID":60,"RID":"070A","tmc":"116+04716","intersection":"US-6/EXIT 171","TMC_Along_I70Even_Statistics2_MIN_MEAS":169.18050261361094,"TMC_Along_I70Even_Statistics2_MAX_MEAS":170.90198011557436,"Shape_Length":0.031139901473088791}},{"type":"Feature","id":61,"geometry":{"type":"LineString","coordinates":[[-106.21527319799998,39.525189922000038],[-106.21501164399996,39.52474698900005],[-106.21432206399999,39.523613105000038],[-106.21388397899995,39.522940307000056],[-106.21290230299996,39.521511215000032],[-106.21188689299998,39.520032939000032],[-106.21170094699994,39.519768608000049],[-106.21122406899997,39.519090697000024],[-106.21116782699994,39.51901074400007],[-106.21088515999998,39.518641703000071],[-106.21088446499999,39.518640796000057],[-106.21061037199996,39.518349133000072],[-106.21050206799998,39.518287132000069],[-106.21046352299999,39.518193023000038],[-106.21039878699997,39.518138238000063],[-106.21033033199996,39.518085542000051],[-106.21024966299996,39.51806638100004],[-106.21014409399999,39.517968744000029],[-106.20986059899997,39.517790760000025],[-106.20984279599998,39.517781271000047],[-106.20933997899999,39.517513235000024],[-106.20770786799994,39.516738754000073],[-106.20734120799995,39.516541871000072],[-106.20698831799996,39.516330140000036],[-106.20665853499997,39.516104274000043],[-106.20639901999999,39.515903435000041],[-106.20608267999995,39.515627339000048],[-106.20585694199997,39.515402302000041],[-106.20557246199996,39.515088880000064],[-106.20529007099998,39.514717057000041],[-106.20452131999997,39.51354875800007],[-106.20415829099994,39.512997035000069],[-106.20316878199998,39.51145322900004],[-106.20295694799995,39.511122724000074],[-106.20141544499995,39.508580503000076],[-106.20120956899996,39.508313021000049],[-106.20104198199999,39.508127941000055],[-106.20097710299996,39.508056291000059],[-106.20075710399999,39.507852444000036],[-106.20044263299997,39.507609588000037],[-106.20015561799994,39.507436081000037],[-106.20009191299994,39.507397569000034],[-106.19971976799997,39.50721440500007],[-106.19922657299998,39.507010293000064],[-106.19861129799995,39.506783950000056],[-106.19807261099999,39.506610444000046],[-106.19770881099998,39.506514523000078],[-106.19734960699998,39.506442324000034],[-106.19693982899997,39.506391120000046],[-106.19668655199996,39.506382391000045],[-106.19635187699998,39.506370854000068],[-106.19575109799996,39.506406118000029],[-106.19565393499994,39.506418771000028],[-106.19459974599994,39.506556052000064],[-106.19417663899998,39.506611148000047],[-106.19316544299994,39.506742817000031],[-106.19142054599996,39.506945577000067],[-106.19073085399998,39.506981354000061],[-106.18983897499999,39.506983847000072],[-106.18921157699998,39.506943508000063],[-106.18876585099997,39.506892443000027],[-106.18857448899996,39.506870520000064],[-106.18656052599994,39.506567436000068],[-106.18468716299998,39.506285475000027],[-106.18281022399998,39.506038917000069],[-106.18237180199998,39.505981320000046],[-106.18184559699995,39.505867884000054],[-106.18127648999996,39.505683785000031],[-106.18089803999999,39.505525400000067],[-106.17934096199997,39.50481271700005],[-106.17893203199998,39.50466351700004],[-106.17852793299994,39.504545687000075],[-106.17849916599994,39.504539861000069],[-106.17807880699996,39.504454733000046],[-106.17759028199998,39.50439687100004],[-106.17701413299994,39.504354146000026],[-106.17448396199995,39.504166488000067],[-106.17405712699997,39.504116746000079],[-106.17372864699996,39.504055952000044],[-106.17318680999995,39.503915182000071],[-106.17261286499996,39.503714015000071],[-106.17205281599996,39.503475334000029],[-106.17003653399996,39.502551401000062],[-106.16917047099997,39.502237424000043],[-106.16907012699994,39.502201045000049],[-106.16841626999997,39.502045735000024],[-106.16773586399995,39.501933647000044],[-106.16687945499996,39.501843774000065],[-106.16566735199996,39.501752623000073],[-106.16501147599996,39.501726943000051],[-106.16485486099998,39.501730060000057],[-106.16440317099995,39.501739052000062],[-106.16397385699997,39.50177936700004],[-106.16343778999999,39.501870409000048],[-106.16302846999997,39.501972843000033],[-106.16266021099995,39.502088749000052],[-106.16193778599995,39.502361342000029],[-106.16130476699999,39.502600193000035],[-106.16071974299996,39.502799099000072],[-106.16020267599998,39.502954169000077],[-106.15987950799996,39.503041469000038],[-106.15921591799997,39.503191335000054],[-106.15877150999995,39.503275325000061],[-106.15820250999997,39.503359927000076],[-106.15749583599995,39.503436476000047],[-106.15653530499998,39.503482915000063],[-106.14995598399997,39.503532606000078],[-106.14972021099999,39.503547024000056],[-106.14919218799997,39.503579308000042],[-106.14869464699996,39.503630980000025],[-106.14797901099996,39.503749153000058],[-106.14759081399995,39.50384520700004],[-106.14757636599995,39.503849959000036],[-106.14688543299997,39.504077252000059],[-106.14658884099998,39.504203824000058],[-106.14619449399999,39.504401505000033],[-106.14606822799999,39.504478893000055],[-106.14571537499995,39.504695151000078],[-106.14519604799995,39.505098430000032],[-106.14481062599998,39.505473111000072],[-106.14469177199999,39.505588652000029],[-106.14436636499994,39.506002641000066],[-106.14409220299996,39.506513166000047],[-106.14405851199996,39.506614658000046],[-106.14391765899995,39.507038958000066],[-106.14381146899996,39.507584062000035],[-106.14377751499995,39.507883124000045]]},"properties":{"OBJECTID":61,"RID":"070A_DEC","tmc":"116-04720","intersection":"CR-16/SHRINE PASS RD/EXIT 190","TMC_Along_I70Even_Statistics2_MIN_MEAS":190.43427567624147,"TMC_Along_I70Even_Statistics2_MAX_MEAS":195.34504266696246,"Shape_Length":0.083565387437761776}},{"type":"Feature","id":62,"geometry":{"type":"LineString","coordinates":[[-106.52552284599994,39.63917205000007],[-106.52522579999999,39.639065699000071],[-106.52515629499999,39.639037497000061],[-106.52440941099997,39.638734437000039],[-106.52404783699996,39.638570906000041],[-106.52388160599997,39.638495723000062],[-106.52287394499996,39.63798123600003],[-106.52272560999995,39.637898970000037],[-106.52162329899994,39.637287623000077],[-106.52157736699996,39.637262149000037],[-106.52139365199997,39.637160256000072],[-106.52127117499998,39.637092329000041],[-106.52125586299996,39.637083837000034],[-106.51928731199996,39.63599200200008],[-106.51838645399994,39.635503135000079],[-106.51779870999997,39.635184179000078],[-106.51752816599998,39.635055191000049],[-106.51699480599996,39.63480089400008]]},"properties":{"OBJECTID":62,"RID":"070A","tmc":"116P04715","intersection":"AVON RD/EXIT 167","TMC_Along_I70Even_Statistics2_MIN_MEAS":166.37546290242773,"TMC_Along_I70Even_Statistics2_MAX_MEAS":166.94781394907534,"Shape_Length":0.009592838732604891}},{"type":"Feature","id":63,"geometry":{"type":"LineString","coordinates":[[-106.66751502399995,39.695069958000033],[-106.66748148899995,39.695053200000075],[-106.66730020999995,39.694947552000031],[-106.66695796299996,39.69474808800004],[-106.66646894399997,39.694408293000038],[-106.66601431999999,39.69403856100007],[-106.66559876099996,39.693642039000054],[-106.66540890399995,39.693433438000056],[-106.66527038899994,39.693257909000067],[-106.66506701799995,39.693000192000056],[-106.66476914299994,39.692551275000028],[-106.66454386699996,39.692144246000055],[-106.66451317599996,39.692088794000028],[-106.66393336399994,39.690956472000039],[-106.66272328499997,39.68859315900005],[-106.66180524599997,39.686800086000062],[-106.66142526299996,39.686085004000063],[-106.66135387299994,39.685950657000035],[-106.66120389199995,39.685668403000079],[-106.66092681999999,39.685229221000043],[-106.66059727899994,39.684807874000057],[-106.66052542099999,39.684732419000056],[-106.66040750399998,39.684608602000026],[-106.65998485799997,39.684233575000064],[-106.65956812699994,39.683936322000079],[-106.65951085899997,39.683895473000064],[-106.65898780699996,39.683598324000059],[-106.65842232999995,39.683346973000027],[-106.65782065999997,39.683152402000076],[-106.65719363599999,39.683001945000058],[-106.65655264699996,39.682885805000069],[-106.65457523599997,39.682606587000066],[-106.65402826699994,39.682529346000081],[-106.65317362899998,39.682408652000049],[-106.65270233099994,39.682342091000066],[-106.65207036199996,39.682212079000067],[-106.65187810699996,39.682157429000029],[-106.65144612899996,39.682034638000061],[-106.65084800999995,39.681801326000027],[-106.65056400899999,39.681663221000065],[-106.65003100299998,39.681350948000045],[-106.64999127599998,39.681322028000068],[-106.64997862799999,39.681312822000052],[-106.64954785099997,39.680999224000061],[-106.64912803899995,39.680612394000036],[-106.64877660999997,39.680195483000034],[-106.64848847899998,39.679754193000065],[-106.64826701199996,39.679293405000067],[-106.64811505699998,39.678821560000074],[-106.64803136799998,39.678342437000026],[-106.64794130199999,39.676384693000045],[-106.64788364299994,39.675887728000077],[-106.64776563299995,39.675397335000071],[-106.64774507399994,39.675340488000074],[-106.64767916699998,39.675158248000059],[-106.64745606899999,39.674694205000037],[-106.64724007999996,39.674312432000079],[-106.64604569899996,39.672201199000028],[-106.64580318399999,39.671734352000044],[-106.64566955599997,39.671441205000065],[-106.64560740099995,39.671304854000027],[-106.64547713699994,39.671019085000069],[-106.64511680399994,39.670045580000078],[-106.64511654799998,39.670044888000064],[-106.64477540099995,39.668964158000051],[-106.64452714199996,39.66817766500003],[-106.64426921399996,39.66736052300007],[-106.64402207599994,39.666633941000043],[-106.64394975399995,39.666456777000064],[-106.64384845299998,39.666208619000031],[-106.64372982399999,39.665918010000041],[-106.64357651699999,39.66560856600006],[-106.64338036199996,39.665212628000063],[-106.64330593599999,39.665085176000048],[-106.64297310699999,39.664515218000076],[-106.64250519599995,39.66383458100006],[-106.64228479699995,39.663558673000068],[-106.64180194599999,39.662954204000073],[-106.64120686699994,39.662320761000046],[-106.64077576799997,39.66191219600006],[-106.64057475999999,39.661736137000048],[-106.64032443299999,39.661516875000075],[-106.63961936899994,39.660954722000042],[-106.63887384799995,39.660432175000039],[-106.63863040299998,39.660278479000056],[-106.63835330399996,39.660103534000029],[-106.63781651999994,39.659792044000028],[-106.63726298599994,39.659497324000029],[-106.63677099999995,39.65925696100004],[-106.63546022399998,39.658616553000059],[-106.63432043799997,39.658059665000053],[-106.63356533999996,39.657690719000072],[-106.63192649999996,39.656889942000078],[-106.63130866699998,39.656599880000044],[-106.63108442299995,39.65649460000003],[-106.63050271399999,39.656260291000081],[-106.63020097199995,39.656161505000057],[-106.62957672999994,39.65599958100006],[-106.62925589999998,39.655941030000065],[-106.62892997699998,39.655897008000068],[-106.62860320899995,39.655872613000042],[-106.62827213199995,39.655847895000079],[-106.62822766099998,39.655848050000031],[-106.62761512799995,39.655850176000058],[-106.62696636199996,39.655908436000061],[-106.62673992599997,39.655945131000067],[-106.62552591699995,39.656141861000037],[-106.62474746799995,39.656268002000047],[-106.62412127499999,39.656355704000077],[-106.62348835199998,39.656420093000065],[-106.62316931999999,39.656439168000077],[-106.62252753899998,39.65644130700008],[-106.62155992799995,39.656374473000028],[-106.62091744199995,39.65628588800007],[-106.62028489199997,39.656154164000043],[-106.61924844499998,39.655910346000041],[-106.61403241199997,39.654683134000038],[-106.61288521099999,39.654413188000035],[-106.61269812199998,39.65436916200008],[-106.61177071499998,39.654197286000056],[-106.61140288399997,39.654154027000061],[-106.61114250599996,39.654123402000039],[-106.61082567299997,39.654099944000052],[-106.61018835799996,39.654082491000054],[-106.60986885699998,39.654088759000047],[-106.60954887999998,39.654104079000035],[-106.60890858899995,39.654163405000077],[-106.60795880999996,39.65432411200004],[-106.60680997599997,39.654575592000072],[-106.60640838899997,39.654663496000069],[-106.60578658399999,39.654766418000065],[-106.60547163999996,39.654800883000064],[-106.60494039599996,39.654828520000081],[-106.60483427199995,39.654834039000036],[-106.60419045199995,39.65481821000003],[-106.60354654499997,39.654757074000031],[-106.60291207199998,39.654641365000032],[-106.60270413999996,39.654585674000032],[-106.60229536099996,39.654476186000068],[-106.60140557299997,39.654162047000057],[-106.60114611999995,39.654057525000042],[-106.59976782399997,39.653502257000071],[-106.59798117099996,39.652782439000077],[-106.59558200899994,39.651815781000039],[-106.59473168699998,39.65147315400003],[-106.59450651899999,39.651389321000067],[-106.59354202699996,39.651030218000074],[-106.59293494999997,39.650829267000063],[-106.59232727799997,39.650649184000031]]},"properties":{"OBJECTID":63,"RID":"070A","tmc":"116+04714","intersection":"BEARD CREEK RD/EXIT 163","TMC_Along_I70Even_Statistics2_MIN_MEAS":156.81592927663513,"TMC_Along_I70Even_Statistics2_MAX_MEAS":162.51404700132878,"Shape_Length":0.097056292671610311}},{"type":"Feature","id":64,"geometry":{"type":"LineString","coordinates":[[-105.85368977499996,39.701903188000074],[-105.85364054199994,39.701899713000046],[-105.85341126499998,39.701906227000052],[-105.85159726199998,39.701957748000041],[-105.85015483899997,39.701998694000054],[-105.84949944699997,39.702021394000042],[-105.84743404699998,39.702092908000054],[-105.84714399699999,39.702100056000063],[-105.84538791699998,39.702143317000036],[-105.84515732399996,39.702148994000027],[-105.84474894599998,39.70214848300003],[-105.84457728099994,39.702148267000041],[-105.84410998899995,39.702125023000065],[-105.84363855599997,39.702075768000043],[-105.84316002699995,39.701993182000081],[-105.84310389699999,39.70197991200007],[-105.84242451499995,39.701819299000078],[-105.84144168599994,39.701515949000054],[-105.84139561799998,39.701501730000075],[-105.84005242599994,39.701069585000027],[-105.83694803399999,39.700070728000071],[-105.83561788499998,39.69964271200007],[-105.83486074599995,39.699380659000042],[-105.83413579999996,39.699101662000032],[-105.83383400899999,39.698972061000063],[-105.83343651999996,39.69880136200004],[-105.83219108899999,39.698207840000066],[-105.83062201599995,39.697424417000036],[-105.82846879299996,39.696349271000031],[-105.82678323199997,39.695507587000066],[-105.82468091999999,39.694457734000025],[-105.82404675099997,39.694178205000071],[-105.82376174799998,39.694075563000069],[-105.82337442999994,39.693936072000042],[-105.82266368999996,39.693743166000047],[-105.82216041599997,39.693648515000064],[-105.82181213099994,39.693583010000054],[-105.81956892899996,39.693274945000041],[-105.81744381999994,39.692983054000081],[-105.81531854599996,39.692691099000058],[-105.81524195699996,39.692679005000059],[-105.81353555799996,39.692409531000067],[-105.81338125599996,39.692381301000069],[-105.81139151599996,39.69201724900006],[-105.81106633099995,39.69195774800005],[-105.81079525799998,39.691922546000058],[-105.81066155399998,39.691905181000038],[-105.81010502599997,39.691860501000065],[-105.80969339999996,39.691861233000054],[-105.80926987099997,39.691885228000046],[-105.80921222699999,39.691891265000038]]},"properties":{"OBJECTID":64,"RID":"070A_DEC","tmc":"116-04728","intersection":"HERMON GULCH RD/EXIT 218","TMC_Along_I70Even_Statistics2_MIN_MEAS":218.54161016761256,"TMC_Along_I70Even_Statistics2_MAX_MEAS":221.08622185142298,"Shape_Length":0.046299599603528183}},{"type":"Feature","id":65,"geometry":{"type":"LineString","coordinates":[[-105.72284228299998,39.696464184000035],[-105.72260730699998,39.696592449000036],[-105.72115612999994,39.69738454700007],[-105.72060891699999,39.697634319000031],[-105.72043010399995,39.697701494000057],[-105.72012113999995,39.697817564000047],[-105.72005351399997,39.697842969000078],[-105.71949349799996,39.698006741000029],[-105.71883976899994,39.698152400000026],[-105.71625725999996,39.69852774800006],[-105.71504825099998,39.698759788000075],[-105.71447921899994,39.698890099000039],[-105.71350445499996,39.699149872000078],[-105.71257169099994,39.699416760000076],[-105.71066612099997,39.699961964000067],[-105.71043385299998,39.700046526000051],[-105.70994671299997,39.700223876000052],[-105.70939704999995,39.700479549000079],[-105.70893955799994,39.700735298000041],[-105.70856219399997,39.700986926000041],[-105.70810615999994,39.701327350000042],[-105.70700382899997,39.702221398000063],[-105.70653565599997,39.702568674000076],[-105.70589193599994,39.703015981000078],[-105.70490598099997,39.70364360800005],[-105.70424612699998,39.704103362000069],[-105.70409233299995,39.704210518000025],[-105.70338880399999,39.704751730000055],[-105.70298295799995,39.705076939000037],[-105.70165123999999,39.70614402800004],[-105.69970479199998,39.707732187000033],[-105.69885174099994,39.708447234000062],[-105.69865254399997,39.708633925000072],[-105.69840103099995,39.708907552000028],[-105.69815971699995,39.709208690000025],[-105.69799484599997,39.709451560000048],[-105.69779989799997,39.709788266000032],[-105.69767354099997,39.710049752000032],[-105.69756210299994,39.710315564000041],[-105.69747375799994,39.710589805000041],[-105.69730768099998,39.711421686000051],[-105.69720040399994,39.712201979000042],[-105.69712478099996,39.712752032000026]]},"properties":{"OBJECTID":65,"RID":"070A_DEC","tmc":"116-04730","intersection":"WOODWARD AVE/EXIT 226","TMC_Along_I70Even_Statistics2_MIN_MEAS":225.87443822014956,"TMC_Along_I70Even_Statistics2_MAX_MEAS":227.72571532903987,"Shape_Length":0.032130196275923062}},{"type":"Feature","id":66,"geometry":{"type":"LineString","coordinates":[[-105.90325187599996,39.678967147000037],[-105.90319305799994,39.678981693000026],[-105.90262683299994,39.679121722000048],[-105.90223711299996,39.67928439700006],[-105.90171858699995,39.679533814000024],[-105.90071797499996,39.680057959000067],[-105.89885771699994,39.681032363000043],[-105.89871117399997,39.681092610000064],[-105.89849987099996,39.681179479000036],[-105.89820070799999,39.681302468000069],[-105.89758240299994,39.681481629000075],[-105.89693710999995,39.681592286000068],[-105.89656800399996,39.681618921000052]]},"properties":{"OBJECTID":66,"RID":"070A","tmc":"116+04727","intersection":"US-6/EXIT 216","TMC_Along_I70Even_Statistics2_MIN_MEAS":215.34692868130372,"TMC_Along_I70Even_Statistics2_MAX_MEAS":215.72697648696044,"Shape_Length":0.0072500428063580064}},{"type":"Feature","id":67,"geometry":{"type":"LineString","coordinates":[[-105.28909947599999,39.709393717000069],[-105.28614058399995,39.709280642000067],[-105.28462421199998,39.709222663000048],[-105.28386444299997,39.709140809000075],[-105.28343094599995,39.709056034000071],[-105.28323045799999,39.709016826000038],[-105.28272526699999,39.708875155000044],[-105.28216075599994,39.708676645000025],[-105.28190980299996,39.708572245000028],[-105.27956822599998,39.707598064000081],[-105.27761342899998,39.706784743000071],[-105.27701396299994,39.706550081000046],[-105.27646085799995,39.706362124000066],[-105.27605421099997,39.706241200000079],[-105.27558346299998,39.706121606000067],[-105.27538851199995,39.706080851000024],[-105.27509935599994,39.706020400000057],[-105.27391684999998,39.705830373000026],[-105.26967802899998,39.705202679000024],[-105.26897549799997,39.705098630000066],[-105.26879535899997,39.705071951000036],[-105.26615797199997,39.704681294000068],[-105.26364057299998,39.704248698000072],[-105.26317773099998,39.704185314000028],[-105.26221933799997,39.704054058000054],[-105.26140372499998,39.70401025700005],[-105.26088740999995,39.703999560000057],[-105.25987962099998,39.704035905000069],[-105.25909556399995,39.704126317000032],[-105.25608244499995,39.704572074000055],[-105.25529154099996,39.704638377000038]]},"properties":{"OBJECTID":67,"RID":"070A_DEC","tmc":"116-04237","intersection":"S MT VERNON COUNTRY CLUB RD/EXIT 254","TMC_Along_I70Even_Statistics2_MIN_MEAS":253.83781134640009,"TMC_Along_I70Even_Statistics2_MAX_MEAS":255.73163836682747,"Shape_Length":0.034569887499788642}},{"type":"Feature","id":68,"geometry":{"type":"LineString","coordinates":[[-105.73003898799999,39.694227686000033],[-105.72982084899996,39.694198960000051],[-105.72896155999996,39.694131072000062],[-105.72855227799994,39.69413114300005],[-105.72810443199995,39.69416046200007],[-105.72773314799997,39.694200360000025],[-105.72772660799995,39.694201397000029],[-105.72734711399994,39.694261562000065],[-105.72695712799998,39.694344591000061],[-105.72646278099995,39.69448069200007],[-105.72587776299997,39.694696223000051],[-105.72568641099997,39.694786036000039],[-105.72533544899994,39.69495076100003],[-105.72301369199994,39.696216768000056]]},"properties":{"OBJECTID":68,"RID":"070A","tmc":"116P04730","intersection":"WOODWARD AVE/EXIT 226","TMC_Along_I70Even_Statistics2_MIN_MEAS":225.43199766013311,"TMC_Along_I70Even_Statistics2_MAX_MEAS":225.86036102098498,"Shape_Length":0.0074828450896721474}},{"type":"Feature","id":69,"geometry":{"type":"LineString","coordinates":[[-105.86085032799997,39.701700663000054],[-105.86047746499997,39.701712142000076],[-105.85836903999996,39.701777031000063],[-105.85774918999999,39.701796100000024],[-105.85722586599996,39.701806692000048],[-105.85581316599996,39.701835275000064],[-105.85558121999998,39.701839965000033],[-105.85500335699999,39.701861533000056],[-105.85435185899996,39.701885846000039],[-105.85398991399995,39.701899351000066],[-105.85375800299994,39.701908004000074],[-105.85368977499996,39.701903188000074]]},"properties":{"OBJECTID":69,"RID":"070A_DEC","tmc":"116N04728","intersection":"HERMON GULCH RD/EXIT 218","TMC_Along_I70Even_Statistics2_MIN_MEAS":218.15523660886149,"TMC_Along_I70Even_Statistics2_MAX_MEAS":218.54161016761256,"Shape_Length":0.0071639037643949719}},{"type":"Feature","id":70,"geometry":{"type":"LineString","coordinates":[[-106.06306705699996,39.630477056000075],[-106.06289969899996,39.63054629800007],[-106.06277363399994,39.630598453000061],[-106.06268424999996,39.630633971000066],[-106.06213788199994,39.630851082000049],[-106.05817720699997,39.632424817000071],[-106.05707439299994,39.632862973000044],[-106.05404394699997,39.63408376700005],[-106.05322388499997,39.634469120000063],[-106.05274394599996,39.634727802000043],[-106.05216236199999,39.63512238900006],[-106.05164261899995,39.635541279000051],[-106.05150240599994,39.635633187000053],[-106.05058030099997,39.63640588700008],[-106.04944311799994,39.637358783000025],[-106.04872935199995,39.637907314000074],[-106.04855677499995,39.638027540000053],[-106.04776810799996,39.638576967000063],[-106.04717046699994,39.638942628000052],[-106.04681003199994,39.639163152000037],[-106.04588777799995,39.63966496900008],[-106.04507784699996,39.640057867000053],[-106.04453519299994,39.640308151000056],[-106.04300183199996,39.641015347000064],[-106.04274829399998,39.641132277000054],[-106.04197594199997,39.641488476000063],[-106.04197194699998,39.641490386000044],[-106.04142150099995,39.641753494000056],[-106.03763098099995,39.64356520900003],[-106.03644805199997,39.644105858000046],[-106.03626380899999,39.644190065000032],[-106.03578188899996,39.644390414000043],[-106.03541131899999,39.644523978000052],[-106.03503066399998,39.644639356000027],[-106.03451162699997,39.644762239000045],[-106.03399145999998,39.644857027000057],[-106.03332868599995,39.644936692000044],[-106.03268839199995,39.64499316000007],[-106.03249926499996,39.645009839000068],[-106.03108080599998,39.645134921000079],[-106.02971916499996,39.645254975000057],[-106.02926311999994,39.645295181000051],[-106.02856057899999,39.645422102000055],[-106.02828358299996,39.645495264000033],[-106.02788989299995,39.645626423000067],[-106.02738527499997,39.645839496000065],[-106.02679637299997,39.646167021000053],[-106.02577146499999,39.646838648000028],[-106.02303661999997,39.648630691000051],[-106.02260270599999,39.648896631000071],[-106.02226831299998,39.649075162000031],[-106.02207298199994,39.649162816000057],[-106.02191420699995,39.649234067000066],[-106.02141134899995,39.64941155300005],[-106.02101425699999,39.649525977000053],[-106.02026119399994,39.649716291000061],[-106.01908399799999,39.650013779000062],[-106.01841006699999,39.650257133000025],[-106.01801966999994,39.650434665000034],[-106.01764759799994,39.650641755000038],[-106.01584892799997,39.651790841000036],[-106.01542879999994,39.652007170000047],[-106.01499741399999,39.652205227000024],[-106.01459634799994,39.652330618000065],[-106.01426386399999,39.652423912000074],[-106.01355076699997,39.652572380000038],[-106.01219215299994,39.652837022000028],[-106.01068687899999,39.653130210000029],[-106.00997462199996,39.653251086000068],[-106.00974646499998,39.653289804000053],[-106.00934692699997,39.653332049000028],[-106.00880270499994,39.653366448000043],[-106.00681409199996,39.653410209000072],[-106.00544296999999,39.653440361000037],[-106.00459957999999,39.653492929000038],[-106.00403310199994,39.653559167000026],[-106.00346184699998,39.653650220000031],[-106.00289386399999,39.653764636000062],[-106.00163024799997,39.654049382000039],[-106.00095178499998,39.654234470000063],[-106.00016370199995,39.654485623000028],[-105.99965717599997,39.654669771000044],[-105.99903408799997,39.654925740000067],[-105.99819929599994,39.655325883000046],[-105.99668902999997,39.656139772000074],[-105.99659432199996,39.656215969000073],[-105.99646422699999,39.65625605300005],[-105.99588685399999,39.656532209000034],[-105.99541326099995,39.656730518000074],[-105.99531659299998,39.656792993000067],[-105.99517957699999,39.656820921000076],[-105.99507282099995,39.65688384200007],[-105.99496082999997,39.656921705000059],[-105.99482422099999,39.65694725700007],[-105.99394960999996,39.657194774000061],[-105.99303995399998,39.657452201000069],[-105.99303881899999,39.657452600000056],[-105.99240784299997,39.65767547300004],[-105.99191089599998,39.657886374000043],[-105.99155259099996,39.658063368000057],[-105.99121596999998,39.65825562100008],[-105.98903771999994,39.659652700000038],[-105.98852769599995,39.659965177000061],[-105.98810662799997,39.660202463000076],[-105.98767756099994,39.660419863000072],[-105.98679034799994,39.660819605000029],[-105.98657017599999,39.660905742000068],[-105.98621200199995,39.661045867000041],[-105.98370391999998,39.661898406000034],[-105.98305779999998,39.662128662000043],[-105.98285435399998,39.662201162000031],[-105.98284812999998,39.662203380000051],[-105.98237596199999,39.662408662000075],[-105.98203054299995,39.66258053200005],[-105.98169528599999,39.662771363000047],[-105.98138160699995,39.662978161000069],[-105.98072545399998,39.663502243000039],[-105.97927844099996,39.664723390000063],[-105.97868010899998,39.665228309000042],[-105.97855784799998,39.665331481000067],[-105.97809323399997,39.665728992000027],[-105.97797525799996,39.665829928000051],[-105.97762999899999,39.66612531700008],[-105.97744020899995,39.666310045000046],[-105.97734717699996,39.666400597000063],[-105.97731976299997,39.666434424000045],[-105.97701325599996,39.666812625000034],[-105.97679836399999,39.667144877000055],[-105.97606457799998,39.668565025000078],[-105.97579919899994,39.669003002000068],[-105.97572003699997,39.669065323000041],[-105.97545478299998,39.669404824000026],[-105.97508810499994,39.66980800400006],[-105.97507723899997,39.669818369000041],[-105.97477310199997,39.670108497000058],[-105.97450651099996,39.670324534000031],[-105.97445611099994,39.67043513200008],[-105.97305251599994,39.671606254000039],[-105.97295330599997,39.671670148000032],[-105.97266529299998,39.671903196000073],[-105.97213533099995,39.672332013000073],[-105.97207057999998,39.672427276000064],[-105.97162402999999,39.672774159000028],[-105.97150905199999,39.672827095000059],[-105.97108475799996,39.673086953000052],[-105.97075241399995,39.673259137000059],[-105.97059569099997,39.67332589800003],[-105.97040219999997,39.673408319000032],[-105.97003672699998,39.673533656000075],[-105.96966171899999,39.67363651200003],[-105.96928433899996,39.67371877100004],[-105.96890229499996,39.673780840000063],[-105.96838774799994,39.673833297000044],[-105.96724234899995,39.673884132000069],[-105.96590012099995,39.67394368600003],[-105.96483485599998,39.673990941000056],[-105.96471900099999,39.673996081000041],[-105.96333924899994,39.674057270000048],[-105.96171064799995,39.67412947400004],[-105.96115606099994,39.674187468000071],[-105.96074689399995,39.674257889000046],[-105.96009562499995,39.674433019000048],[-105.95996463199998,39.674477970000055],[-105.95987340399995,39.674544875000038],[-105.95973451299994,39.674560882000037],[-105.95947971999999,39.674666305000073],[-105.95938241699997,39.674744841000063],[-105.95922768899999,39.674815833000025],[-105.95903417299996,39.674904621000053],[-105.95889302299997,39.674937632000081],[-105.95883301199996,39.674966419000043],[-105.95864401199998,39.675057081000034],[-105.95855434299995,39.675135192000027],[-105.95842137699998,39.675166354000055],[-105.95611910899999,39.676295359000051],[-105.95577437599997,39.676451874000065],[-105.95536908799994,39.67663587800007],[-105.95485954399999,39.676818800000035],[-105.95446728599995,39.676928830000065],[-105.95405883599994,39.677022810000039],[-105.95365119499996,39.677085186000056],[-105.95355462799995,39.677094662000059],[-105.95337107799998,39.677112678000071],[-105.95224593199998,39.677136277000045],[-105.95155205799995,39.677137858000037],[-105.94933480399999,39.67714288600007],[-105.94928396899996,39.677142201000038],[-105.94824048999999,39.677128140000036],[-105.94719733399995,39.677074880000077],[-105.94695588999997,39.67705692800007],[-105.94658613599995,39.677029435000065],[-105.94656428299999,39.677027810000027],[-105.94579616299995,39.676939851000043],[-105.94492854399999,39.676821980000057],[-105.94458072599997,39.67677472400004],[-105.94388250699996,39.676729685000055],[-105.94351106099998,39.676743473000045],[-105.94298766099996,39.67676289800005],[-105.94291166999994,39.67676571800007],[-105.94236223099995,39.676812623000046],[-105.94181822399997,39.676885710000079],[-105.94128049099999,39.676990947000036],[-105.94099503499996,39.677059652000025],[-105.94090047199995,39.677082411000072],[-105.94001010599999,39.677355100000057],[-105.93949606799998,39.677550484000051],[-105.93938299599995,39.67759717000007],[-105.93862874599995,39.677908585000068],[-105.93794180599997,39.678221422000036],[-105.93656051899995,39.678730198000039],[-105.93564976599998,39.678926760000024],[-105.93544439399994,39.678951866000034],[-105.93527399499999,39.678972696000073],[-105.93515952799999,39.678976779000038]]},"properties":{"OBJECTID":70,"RID":"070A_DEC","tmc":"116-04725","intersection":"US-6/CO-9/EXIT 205","TMC_Along_I70Even_Statistics2_MIN_MEAS":205.71033532426489,"TMC_Along_I70Even_Statistics2_MAX_MEAS":213.55597112607796,"Shape_Length":0.14083792058509872}},{"type":"Feature","id":71,"geometry":{"type":"LineString","coordinates":[[-106.41794423899995,39.629756816000054],[-106.41776176399998,39.629870322000045],[-106.41736662799997,39.63013483800006],[-106.41711228899999,39.630305098000065],[-106.41660672199998,39.630674196000029],[-106.41648732699997,39.630761362000044],[-106.41510192499999,39.631861077000053],[-106.41449704299998,39.632322274000046],[-106.41391949799998,39.632729178000034],[-106.41387207199995,39.632762592000063],[-106.41323326899999,39.633174431000043],[-106.41259689599997,39.633548489000077],[-106.41239648999999,39.633666285000061],[-106.41159541599995,39.634137139000075],[-106.41091410799999,39.634537587000068],[-106.40682773999998,39.636939232000032],[-106.40384760999996,39.638690523000037],[-106.40164929699995,39.639982271000065],[-106.40087822599997,39.640435337000042],[-106.39932821299999,39.64133527000007],[-106.39864983399997,39.641709675000072],[-106.39849236299995,39.641789458000062],[-106.39794236999995,39.642068110000025],[-106.39698830999998,39.642511324000054],[-106.39697150499995,39.642519131000029],[-106.39653932299996,39.642715950000024],[-106.39621627199995,39.642863070000033],[-106.39603166999996,39.642947137000078],[-106.39397181199996,39.64388516300005],[-106.39392437299995,39.643906055000059],[-106.39283481299998,39.644385876000058],[-106.39270131299998,39.644444665000037],[-106.39219553599997,39.644652550000046],[-106.39168289799994,39.644841246000055],[-106.39115990399995,39.645010217000049],[-106.39040845299996,39.645222390000072],[-106.39035606799996,39.645237180000038],[-106.39003541699998,39.645307828000057],[-106.38954656799996,39.645415532000072],[-106.38871326399999,39.645560464000027],[-106.38786858399999,39.645666520000077],[-106.38702668599996,39.645734665000077],[-106.38687107599998,39.645738831000074],[-106.38618712599998,39.645757140000057],[-106.38535664099999,39.645738498000071],[-106.38452654899999,39.645682382000075],[-106.38370368099999,39.645587909000028],[-106.38299807699997,39.645471446000045],[-106.38288968599994,39.645453555000074],[-106.38246703899995,39.645364404000077],[-106.38233846399999,39.64533728300006]]},"properties":{"OBJECTID":71,"RID":"070A_DEC","tmc":"116-04717","intersection":"CHAMONIX RD/EXIT 173","TMC_Along_I70Even_Statistics2_MIN_MEAS":173.52567688889161,"TMC_Along_I70Even_Statistics2_MAX_MEAS":175.84646706760941,"Shape_Length":0.039837867657915353}},{"type":"Feature","id":72,"geometry":{"type":"LineString","coordinates":[[-106.49006107599996,39.625021632000028],[-106.48932905599997,39.624927483000079],[-106.48926150499994,39.624918795000042],[-106.48869062599999,39.624803146000033],[-106.48787088099999,39.62456598600005],[-106.48735537699997,39.624367384000038],[-106.48686466199996,39.624142126000038],[-106.48647752699998,39.623942209000063],[-106.48407860299994,39.622703339000054]]},"properties":{"OBJECTID":72,"RID":"070A_DEC","tmc":"116-06999","intersection":"WILLIAM J POST BLVD","TMC_Along_I70Even_Statistics2_MIN_MEAS":168.55906282508118,"TMC_Along_I70Even_Statistics2_MAX_MEAS":168.91388592529415,"Shape_Length":0.0064700176560850533}},{"type":"Feature","id":73,"geometry":{"type":"LineString","coordinates":[[-105.61991230299998,39.766326313000036],[-105.61979388599997,39.766314801000078],[-105.61906115499994,39.766226755000048],[-105.61878631099995,39.766193729000065],[-105.61792868099997,39.766059478000045],[-105.61750567699994,39.765993259000027],[-105.61590001099995,39.765741889000026],[-105.61481369399996,39.76557181000004],[-105.61419858999994,39.765486128000077],[-105.61404030299997,39.765464079000026],[-105.61376859699999,39.765434036000045],[-105.61322518599997,39.765373949000036],[-105.61222286199995,39.765306733000045],[-105.61048869299998,39.765223742000046],[-105.60967073799998,39.765184588000068]]},"properties":{"OBJECTID":73,"RID":"070A","tmc":"116P04734","intersection":"EXIT 234","TMC_Along_I70Even_Statistics2_MIN_MEAS":233.88768677787971,"TMC_Along_I70Even_Statistics2_MAX_MEAS":234.3709826702374,"Shape_Length":0.010315365375988352}},{"type":"Feature","id":74,"geometry":{"type":"LineString","coordinates":[[-106.06246844499998,39.630456047000052],[-106.06199825599998,39.630640984000024],[-106.06182141499994,39.630710540000052],[-106.06168449099994,39.630752634000032],[-106.05803590399995,39.632212177000042],[-106.05423783399999,39.633731332000025],[-106.05359064899994,39.633999052000036],[-106.05296487199996,39.634294430000068],[-106.05251748999996,39.63454530100006],[-106.05195523699996,39.634921592000069],[-106.05035951999997,39.636248379000051],[-106.04927445799996,39.637150532000078],[-106.04835356799998,39.637853171000074],[-106.04823621299994,39.637942710000061],[-106.04755574299998,39.638407646000076],[-106.04697832299996,39.638754897000069],[-106.04656495599994,39.639003485000046],[-106.04554269999994,39.639547487000073],[-106.04437917699994,39.640105948000041],[-106.04408222799998,39.640248473000042],[-106.04285536899994,39.640825517000053],[-106.04260313699996,39.640944149000063],[-106.04182703099997,39.641309171000046],[-106.04127412799994,39.641569209000068],[-106.03640241799997,39.643860249000056],[-106.03629517199994,39.643905927000048],[-106.03569734399997,39.64416054700007],[-106.03526835899999,39.644314221000059],[-106.03482934299996,39.64444775700008],[-106.03453011599998,39.644521459000032],[-106.03407553099998,39.644609456000069],[-106.03331626599999,39.644705167000041],[-106.03265429999999,39.644762102000072],[-106.03246511399999,39.644778374000055],[-106.03104620699997,39.64490040000004],[-106.03010626899999,39.644981225000038],[-106.02968525999995,39.645025119000024],[-106.02921912499994,39.64507371600007],[-106.02881585499995,39.645132842000066],[-106.02844114599998,39.645211762000031],[-106.02808463899999,39.64530988000007],[-106.02773566899998,39.645427709000046],[-106.02720639699999,39.645654633000049],[-106.02673432799997,39.645912705000057],[-106.02569502699998,39.646578954000063],[-106.02557418799995,39.64665872900008],[-106.02285496399998,39.648453844000073],[-106.02243993999997,39.648701850000066],[-106.02211776599995,39.648873789000049],[-106.02192253799996,39.648962471000061],[-106.02167574199996,39.649074576000032],[-106.02121772099997,39.649228579000066],[-106.02016893899997,39.649498139000059],[-106.01902695599995,39.649791642000025],[-106.01861795399998,39.649920269000063],[-106.01820999599994,39.650077253000063],[-106.01791040399996,39.650217164000026],[-106.01751857599999,39.650432469000066],[-106.01617173399995,39.651302085000054],[-106.01568310899995,39.651601235000044],[-106.01515829099998,39.651858861000051],[-106.01458739399999,39.652071205000027],[-106.01411250699999,39.652200289000064],[-106.01340649599996,39.652349045000051],[-106.01211540799994,39.652601589000028],[-106.01034021299995,39.652948801000036],[-106.00990917999997,39.653020661000028],[-106.00967839499998,39.653059135000035],[-106.00926780199995,39.653103269000042],[-106.00885901199996,39.653129054000033],[-106.00680519199994,39.653168433000076],[-106.00587833599997,39.653186193000067],[-106.00522836999994,39.653210263000062],[-106.00459017299994,39.653257475000032],[-106.00405262599998,39.653321445000074],[-106.00339753999998,39.653432580000072],[-106.00239845599998,39.653640493000069],[-106.00149807199995,39.653849601000047],[-106.00082514999997,39.654028266000068],[-106.00015496699996,39.654238604000057],[-105.99948839699999,39.654480721000027],[-105.99894117799994,39.654704753000033],[-105.99838927299999,39.654960532000075],[-105.99786012299995,39.655228235000038],[-105.99598909499997,39.656250408000062],[-105.99562932499998,39.656425829000057],[-105.99528023799996,39.656574044000024],[-105.99465310999994,39.656809812000063],[-105.99387893599999,39.657045569000047],[-105.99338600499999,39.657195677000061],[-105.99296964899997,39.657335604000025],[-105.99276351599997,39.657404879000069],[-105.99183071599998,39.657779317000063],[-105.99144885499999,39.65796956500003],[-105.99099985699996,39.658227381000074],[-105.98930157099994,39.659326837000037],[-105.98855855099998,39.659789878000026],[-105.98805492799994,39.660077411000032],[-105.98761348999994,39.660303183000053],[-105.98697128099997,39.66060155200006],[-105.98649865399994,39.660796528000049],[-105.98631211699995,39.660873481000067],[-105.98325767099999,39.661915563000036],[-105.98299146099998,39.662017458000037],[-105.98279062399996,39.66209432900007],[-105.98254830499997,39.662187078000045],[-105.98215060199999,39.662370241000076],[-105.98176447199995,39.662577456000065],[-105.98103988899999,39.663050121000026],[-105.98035748999996,39.663572421000026],[-105.97908723999996,39.664588055000024],[-105.97847130699995,39.665080512000031],[-105.97786206499995,39.66556760800006],[-105.97781695399999,39.665603674000067],[-105.97774310299997,39.665667854000048],[-105.97741914399995,39.665949395000041],[-105.97720505399997,39.666165740000054],[-105.97706795799996,39.666304280000077],[-105.97706319099996,39.666310220000071],[-105.97684982499999,39.66657616100008],[-105.97667308699994,39.666850221000061],[-105.97583410399994,39.668498405000037],[-105.97551871899998,39.669023369000058],[-105.97528570999998,39.669351961000075],[-105.97509523499997,39.66958366700004],[-105.97494474699994,39.669735418000073],[-105.97465990599994,39.670022651000068],[-105.97254070099996,39.671811242000047],[-105.97233561299998,39.671984329000054],[-105.97154921799995,39.672618122000074],[-105.97117893199999,39.672866788000078],[-105.97078293999999,39.673085369000034],[-105.97051240399998,39.673209135000036],[-105.97038588299995,39.673267014000032],[-105.96997121799996,39.673416478000036],[-105.96964424999999,39.673509814000056],[-105.96930439099998,39.673585067000033],[-105.96884608699997,39.673656673000039],[-105.96850299599998,39.673690991000058],[-105.96723245299995,39.673750938000069],[-105.96589050499995,39.67381423900008],[-105.96485517099995,39.67386306700007],[-105.96482544799994,39.673864263000041],[-105.96470955599995,39.673868928000047],[-105.96332938899997,39.673924471000078],[-105.96191491199994,39.673981380000043],[-105.96122388899994,39.674039674000028],[-105.96065719299997,39.674130049000041],[-105.96010924799998,39.674276731000077],[-105.95939724899995,39.674543386000039],[-105.95912029999994,39.67467606200006],[-105.95874441499996,39.674856133000048],[-105.95796985099997,39.675227188000065],[-105.95592693799995,39.676236588000052],[-105.95569065799998,39.676341768000043],[-105.95528189799995,39.676523725000038],[-105.95493575799998,39.676652911000076],[-105.95457844999999,39.676762230000065],[-105.95421338399996,39.676847294000027],[-105.95384688699994,39.676912375000029],[-105.95353044999996,39.676947571000028],[-105.95336538399994,39.676965928000072],[-105.95266117399996,39.67699026300005],[-105.95155151499995,39.676995935000036],[-105.94983556299997,39.677004685000043],[-105.94928715899994,39.677000710000073],[-105.94850374399999,39.676995028000078],[-105.94754457699997,39.676956916000051],[-105.94697320299997,39.676917899000046],[-105.94665374699997,39.676896082000042],[-105.94660338799997,39.676890894000053],[-105.94602452199996,39.676831242000048],[-105.94495795699999,39.67669270600004],[-105.94459705899999,39.676645827000073],[-105.94391017399994,39.676587323000035],[-105.94350090899997,39.676580113000057],[-105.94312025299996,39.676573406000045],[-105.94297637699998,39.67658136600005],[-105.94230594699997,39.676618456000028],[-105.94189805299999,39.676668111000026],[-105.94129560099998,39.676772591000031],[-105.94091433899996,39.676859458000024],[-105.94081415199997,39.676882283000054],[-105.94043107199997,39.676987219000068],[-105.93995820699996,39.677138332000027],[-105.93940189399996,39.677344327000071],[-105.93925191999995,39.677407606000031],[-105.93784366399996,39.678001782000081],[-105.93697716199995,39.678321724000057],[-105.93663256999997,39.678426624000053],[-105.93629114799995,39.678510380000034],[-105.93583232799995,39.678593600000056],[-105.93538249799997,39.678649546000031],[-105.93536700899995,39.678651473000059],[-105.93502946199999,39.678670426000053]]},"properties":{"OBJECTID":74,"RID":"070A","tmc":"116+04726","intersection":"EISENHOWER MEMORIAL TUNNEL (WEST)","TMC_Along_I70Even_Statistics2_MIN_MEAS":205.74049664295848,"TMC_Along_I70Even_Statistics2_MAX_MEAS":213.55888738691408,"Shape_Length":0.14030852053935544}},{"type":"Feature","id":75,"geometry":{"type":"LineString","coordinates":[[-105.66610935799997,39.750488389000054],[-105.66313921299997,39.75167102000006],[-105.66238221499998,39.751998588000049],[-105.66230552899998,39.752038625000068],[-105.66180069599994,39.752302186000065],[-105.66137388999999,39.752566946000059],[-105.66115886299997,39.752724139000065],[-105.66094754599999,39.752878622000026],[-105.66054217399994,39.753223004000063],[-105.66017625599994,39.753588407000052],[-105.65953294299999,39.754316059000075],[-105.65906397599997,39.754879255000048],[-105.65836525999998,39.755718344000059],[-105.65695777599996,39.757408516000055],[-105.65609199099998,39.758312631000081],[-105.65605298099996,39.75835336800003],[-105.65553680299996,39.758772898000075],[-105.65543344099996,39.758856906000062],[-105.65440307799997,39.759517312000071],[-105.65415345899999,39.759649301000024],[-105.65389906899998,39.75978381200008],[-105.65265545099999,39.760318123000047],[-105.65253829199997,39.760354049000057],[-105.65117545699997,39.760771924000039],[-105.64959133899998,39.761165606000077],[-105.64841526999999,39.761457862000043],[-105.64778447999998,39.761614610000038],[-105.64657404499997,39.761915385000066],[-105.64594330399996,39.762072107000051],[-105.64591634799996,39.762078806000034],[-105.64584651899997,39.762093991000029]]},"properties":{"OBJECTID":75,"RID":"070A_DEC","tmc":"116N04732","intersection":"US-40/EXIT 232","TMC_Along_I70Even_Statistics2_MIN_MEAS":231.13820813082211,"TMC_Along_I70Even_Statistics2_MAX_MEAS":232.48368577743832,"Shape_Length":0.024045291866758155}},{"type":"Feature","id":76,"geometry":{"type":"LineString","coordinates":[[-105.24730818499995,39.703078861000051],[-105.24659260599998,39.702932333000035],[-105.24605186699995,39.70282159900006],[-105.24532908199996,39.702654342000073],[-105.24499184499996,39.702563038000051],[-105.24470995199994,39.702486716000067],[-105.24437719799994,39.702396622000037],[-105.24350124999995,39.702129377000063],[-105.24224868899995,39.701747215000069],[-105.24163533399997,39.701540340000065],[-105.24132821499995,39.701415277000081],[-105.24103110899995,39.701264604000073],[-105.24099282099996,39.701240483000049],[-105.24075790199998,39.701092487000039],[-105.24050915999999,39.700907932000064],[-105.24018130299999,39.700622624000061],[-105.23971542399994,39.700149262000025],[-105.23957080399998,39.700002316000052],[-105.23946618999997,39.69989601900005],[-105.23931054399998,39.699749544000042],[-105.23914377199998,39.699592597000048],[-105.23879387999995,39.69929419500005],[-105.23854958399994,39.699116887000059],[-105.23841202299997,39.699033215000043],[-105.23829370599998,39.698961247000057],[-105.23788290499999,39.698755289000076],[-105.23758238499994,39.698633301000029],[-105.23709170699999,39.698487922000027],[-105.23675045799996,39.698416948000045],[-105.23640532699994,39.698367799000039],[-105.23582935299999,39.698329535000028],[-105.23570258999996,39.698321113000077],[-105.23426382999997,39.698286437000036],[-105.23411805999996,39.698284071000046],[-105.22965604599995,39.698211582000056],[-105.22894956199997,39.698200090000057],[-105.22795204899995,39.698183854000035],[-105.22733908999999,39.698153072000025],[-105.22704729499998,39.69812156200004],[-105.22661553799998,39.698051189000068],[-105.22619863599999,39.697950818000038],[-105.22603755199998,39.697903858000075],[-105.22050120599994,39.696289723000064],[-105.21984023299996,39.696139207000044],[-105.21917451099995,39.696034903000054],[-105.21868588899997,39.695983059000071],[-105.21819921599996,39.695954121000057],[-105.21599728999996,39.695967709000058],[-105.21540172999994,39.695971376000045],[-105.21492333899994,39.695953907000046],[-105.21447438799999,39.695915915000057],[-105.21404429099994,39.695857679000028],[-105.21363547599998,39.695780125000056],[-105.21198119199994,39.695379114000048],[-105.21135201199996,39.695239856000057],[-105.21089548999998,39.695189780000078],[-105.21040915099996,39.695181055000035],[-105.20991659799995,39.695214368000052],[-105.20959829799995,39.695258842000044],[-105.20913109499998,39.695359129000053],[-105.20854724999998,39.695539781000036],[-105.20827050399998,39.695648688000063],[-105.20800408899999,39.69577427400003],[-105.20763494199997,39.695992280000041],[-105.20735450999996,39.696203315000048],[-105.20719306399997,39.696324809000032],[-105.20711800299995,39.696397635000039]]},"properties":{"OBJECTID":76,"RID":"070A","tmc":"116+04239","intersection":"US-40/CO-26/EXIT 259","TMC_Along_I70Even_Statistics2_MIN_MEAS":256.22597192814561,"TMC_Along_I70Even_Statistics2_MAX_MEAS":258.50955864676286,"Shape_Length":0.042077699085760124}},{"type":"Feature","id":77,"geometry":{"type":"LineString","coordinates":[[-105.38786873899994,39.715664503000028],[-105.38774724999996,39.715674388000025],[-105.38696632699998,39.715737921000027],[-105.38688601399997,39.715738526000052],[-105.38637963799994,39.715742345000081],[-105.38540138199994,39.715703302000065],[-105.38488018499999,39.715645094000024],[-105.38474159099997,39.715644356000041],[-105.38394407699997,39.71551807700007],[-105.38362264499995,39.715442662000044],[-105.38312829499995,39.715326675000028],[-105.38211088599996,39.715053749000049],[-105.38157187199994,39.71490915000004],[-105.38085131299994,39.714741798000034],[-105.38042163199998,39.71467436100005],[-105.37971179799996,39.714621243000067],[-105.37916360799994,39.714624611000033],[-105.37890232699999,39.714640087000078],[-105.37864465799998,39.71466325800003],[-105.37837907999995,39.714702278000061],[-105.37812149599995,39.71474012300007],[-105.37773076699995,39.71481635300006],[-105.37733712099998,39.714912900000058],[-105.37534744899995,39.715439453000045],[-105.37494519199998,39.715523800000028],[-105.37454282999994,39.715588214000036],[-105.37373598799996,39.71566510200006],[-105.37319522299998,39.715665022000053],[-105.37278248699994,39.715639447000058],[-105.37250116199999,39.715603501000032],[-105.37221983699999,39.715567556000053],[-105.37164964699997,39.715450123000039],[-105.37112266599996,39.715301048000072],[-105.37055259099998,39.71508689500007],[-105.37010206999997,39.714875952000057],[-105.36961985299996,39.71460157000007],[-105.36905097499999,39.714210543000036],[-105.36812693399997,39.713575375000062],[-105.36790282099997,39.713434666000069],[-105.36758427899997,39.713234667000052],[-105.36745497799996,39.713191900000027],[-105.36706364699995,39.712993796000035],[-105.36702414399997,39.712977466000041],[-105.36660259499996,39.712803185000041],[-105.36650206099995,39.712761620000038],[-105.36605294799995,39.712617206000061],[-105.36581202299999,39.712559727000041],[-105.36565047199997,39.712521184000025],[-105.36559070599998,39.712506925000071],[-105.36512648599995,39.712419709000073],[-105.36466567099995,39.71235851800003],[-105.36436822299999,39.712335305000067],[-105.36349017899994,39.712308421000046],[-105.36325942799999,39.712282555000058],[-105.36324203899994,39.712294727000028],[-105.36294789299996,39.712280311000029],[-105.36266575299999,39.71230935400007],[-105.36140403499996,39.712296048000042],[-105.36073916199996,39.712289033000047],[-105.36043943699997,39.712283656000068],[-105.36035037399995,39.712263075000067],[-105.35822151599996,39.712240524000038],[-105.35709921599994,39.71220076000003],[-105.35640968699994,39.712143071000071],[-105.35563099299998,39.71204490000008],[-105.35493142299998,39.71192351500008],[-105.35409471399998,39.711736257000041],[-105.35340391399995,39.711548840000034],[-105.35281076699994,39.711359926000057],[-105.35231265699997,39.71118117900005],[-105.35226645099999,39.711162938000029],[-105.35162099699994,39.710908113000073],[-105.35106811199995,39.710648092000042],[-105.35055367999996,39.710383451000041],[-105.35008834799999,39.710111619000031],[-105.34964515999997,39.709852721000061],[-105.34884349499998,39.709294498000077],[-105.34851593099995,39.709037545000058],[-105.34816939699999,39.70874159400006],[-105.34804280599997,39.708633478000024],[-105.34754751999998,39.708171441000047],[-105.34682673699996,39.707427366000047],[-105.34676509199994,39.70738728300006],[-105.34638842299995,39.706994986000041],[-105.34547764499996,39.706110155000033],[-105.34502549499996,39.705670876000056],[-105.34453613099998,39.705268252000053],[-105.34401957199998,39.704897895000045],[-105.34344732799997,39.704534291000073],[-105.34300474799994,39.704290701000048],[-105.34294788499994,39.704259402000048],[-105.34271902399996,39.704152595000039],[-105.34264602099995,39.704118525000069]]},"properties":{"OBJECTID":77,"RID":"070A","tmc":"116+04234","intersection":"US-40/EXIT 251","TMC_Along_I70Even_Statistics2_MIN_MEAS":247.78692496072108,"TMC_Along_I70Even_Statistics2_MAX_MEAS":250.54528863174639,"Shape_Length":0.048769088753710839}},{"type":"Feature","id":78,"geometry":{"type":"LineString","coordinates":[[-105.39705005099995,39.716189876000044],[-105.39666771699996,39.716031955000062],[-105.39605550599998,39.715824550000036],[-105.39526211699996,39.715590087000066],[-105.39446576899996,39.715448833000039],[-105.39387536199996,39.715366799000037],[-105.39315134099996,39.715312624000035],[-105.39245727199994,39.715302130000055],[-105.39161987399996,39.71532906300007],[-105.39104543099995,39.715370738000047],[-105.39032578399997,39.715437912000027],[-105.38974624899998,39.715492005000044],[-105.38832738999997,39.715624426000034],[-105.38818881999998,39.715637358000038]]},"properties":{"OBJECTID":78,"RID":"070A","tmc":"116+04233","intersection":"CR-65/EXIT 248","TMC_Along_I70Even_Statistics2_MIN_MEAS":247.30196626350323,"TMC_Along_I70Even_Statistics2_MAX_MEAS":247.77094036259612,"Shape_Length":0.0089952230780871775}},{"type":"Feature","id":79,"geometry":{"type":"LineString","coordinates":[[-106.49086974699998,39.624782025000059],[-106.48939976699995,39.624598713000069],[-106.48933969399997,39.624591222000049],[-106.48903965599999,39.624534445000052],[-106.48844666599996,39.624385544000063],[-106.48787195099999,39.624191161000056],[-106.48706028299995,39.623838224000053],[-106.48671946999997,39.623662023000065],[-106.48489157799997,39.622716946000025]]},"properties":{"OBJECTID":79,"RID":"070A","tmc":"116+08161","intersection":"US-6","TMC_Along_I70Even_Statistics2_MIN_MEAS":168.52055792321045,"TMC_Along_I70Even_Statistics2_MAX_MEAS":168.87531384080538,"Shape_Length":0.0063918679101872093}},{"type":"Feature","id":80,"geometry":{"type":"LineString","coordinates":[[-105.20711800299995,39.696397635000039],[-105.20634890899998,39.697143823000033],[-105.20628509999995,39.697205731000054],[-105.20470424899997,39.698812492000059],[-105.20389021699998,39.699639828000045],[-105.20325705299996,39.700317536000057],[-105.20303307799998,39.700590186000056],[-105.20280279499997,39.700870511000062]]},"properties":{"OBJECTID":80,"RID":"070A","tmc":"116P04239","intersection":"US-40/CO-26/EXIT 259","TMC_Along_I70Even_Statistics2_MIN_MEAS":258.50955864676286,"TMC_Along_I70Even_Statistics2_MAX_MEAS":258.90288132996119,"Shape_Length":0.0062183064214592684}},{"type":"Feature","id":81,"geometry":{"type":"LineString","coordinates":[[-105.41210443199998,39.722030233000055],[-105.41176698799995,39.721925652000039],[-105.41135712099998,39.721798623000041],[-105.40989493399996,39.721402976000036],[-105.40978383299995,39.721388761000071],[-105.40970218099994,39.721354762000033]]},"properties":{"OBJECTID":81,"RID":"070A_DEC","tmc":"116N04742","intersection":"BEAVER BROOK CANYON RD/EXIT 247","TMC_Along_I70Even_Statistics2_MIN_MEAS":246.4330716760947,"TMC_Along_I70Even_Statistics2_MAX_MEAS":246.59477397514712,"Shape_Length":0.0024976030640269831}},{"type":"Feature","id":82,"geometry":{"type":"LineString","coordinates":[[-106.14377751499995,39.507883124000045],[-106.14376489199998,39.507994298000028],[-106.14377164099994,39.508385186000055],[-106.14377195399999,39.508403350000037],[-106.14381918799995,39.508829358000071],[-106.14386272399997,39.509222014000045],[-106.14392006299994,39.509455137000032],[-106.14396302699998,39.509629811000025],[-106.14396679399994,39.509642134000046],[-106.14429125799995,39.510704008000062],[-106.14455622899999,39.511571152000045]]},"properties":{"OBJECTID":82,"RID":"070A_DEC","tmc":"116N04721","intersection":"CO-91/EXIT 195","TMC_Along_I70Even_Statistics2_MIN_MEAS":195.34504266696246,"TMC_Along_I70Even_Statistics2_MAX_MEAS":195.61085900787816,"Shape_Length":0.0037945824355179411}},{"type":"Feature","id":83,"geometry":{"type":"LineString","coordinates":[[-105.45714946199996,39.745000959000038],[-105.45689590299997,39.744858568000041],[-105.45643917299998,39.744602077000025],[-105.45619564099997,39.744465310000066],[-105.45547235299995,39.744091040000058],[-105.45483039799996,39.743779423000035],[-105.45477240099996,39.743751271000065],[-105.45435117599999,39.743591458000026],[-105.45391435399995,39.743475062000073],[-105.45346988199998,39.743397457000071],[-105.45302652599997,39.743358851000039],[-105.45273393599996,39.74335611500004],[-105.45230084499997,39.743381446000058],[-105.45187676199998,39.74343530200008],[-105.45146980099997,39.743521611000062],[-105.45107117599997,39.743641264000075],[-105.45091151499997,39.743701031000057],[-105.45067389199994,39.743789983000056],[-105.44883913599995,39.74447678100006],[-105.44832872999996,39.744597449000025],[-105.44826518999997,39.744612468000071],[-105.44785374299994,39.744651678000025],[-105.44725905099995,39.744624208000062],[-105.44682466699999,39.744521969000061],[-105.44654712999994,39.744439165000074],[-105.44535805499999,39.744003431000067],[-105.44526722499995,39.743970146000038],[-105.44483711599997,39.743835911000076],[-105.44456833299995,39.743774680000058],[-105.44422817599997,39.74374527100008],[-105.44385350399995,39.743758226000068],[-105.44359849299997,39.743790589000071],[-105.44358794999994,39.743792824000025],[-105.44336294199996,39.74384053700004],[-105.44318284499997,39.743907020000051],[-105.44284578999998,39.74403144300004],[-105.44230991299997,39.744342787000051],[-105.44225643199997,39.744373858000074]]},"properties":{"OBJECTID":83,"RID":"070A_DEC","tmc":"116-04740","intersection":"CR-314/EXIT 243","TMC_Along_I70Even_Statistics2_MIN_MEAS":243.20488840439211,"TMC_Along_I70Even_Statistics2_MAX_MEAS":244.08837784725253,"Shape_Length":0.015725316970621392}},{"type":"Feature","id":84,"geometry":{"type":"LineString","coordinates":[[-105.61103068499995,39.765395256000033],[-105.61047732099996,39.765369558000032],[-105.60936728099995,39.765317995000032],[-105.60897294899996,39.765299675000051],[-105.60693020199994,39.765204751000056],[-105.60575895799997,39.765115686000058],[-105.60443589499994,39.764949945000069],[-105.60179619199994,39.764512068000045],[-105.60023000399997,39.764252236000061],[-105.59914083499996,39.764108720000024],[-105.59908373899998,39.764101198000048]]},"properties":{"OBJECTID":84,"RID":"070A_DEC","tmc":"116-04734","intersection":"EXIT 234","TMC_Along_I70Even_Statistics2_MIN_MEAS":234.30863254833986,"TMC_Along_I70Even_Statistics2_MAX_MEAS":235.00497648696046,"Shape_Length":0.012032477474109623}},{"type":"Feature","id":85,"geometry":{"type":"LineString","coordinates":[[-106.59225001099998,39.65083641700005],[-106.59182948799997,39.650723515000038],[-106.59143074399998,39.65061645600008],[-106.58807678699998,39.649715894000053],[-106.58746849199997,39.649552550000067],[-106.58746142299998,39.649550514000055],[-106.58724365999996,39.649487803000056],[-106.58585260599995,39.649087198000075],[-106.58536256399998,39.648928470000044],[-106.58465621099998,39.648639767000077],[-106.58397144899999,39.64829891200003],[-106.58363769699997,39.648086470000067],[-106.58342778099995,39.64795285200006],[-106.58331944299994,39.647883892000038],[-106.58329557799999,39.647865849000027]]},"properties":{"OBJECTID":85,"RID":"070A_DEC","tmc":"116N04714","intersection":"BEARD CREEK RD/EXIT 163","TMC_Along_I70Even_Statistics2_MIN_MEAS":162.51357648696057,"TMC_Along_I70Even_Statistics2_MAX_MEAS":163.02401768259099,"Shape_Length":0.0094783346607390274}},{"type":"Feature","id":86,"geometry":{"type":"LineString","coordinates":[[-106.11180817799999,39.578912476000028],[-106.11174014699998,39.579109794000033],[-106.11171905999998,39.579170170000054],[-106.11134850599996,39.580139121000059],[-106.10996683899998,39.583404624000025],[-106.10960787799996,39.584165596000048],[-106.10959170699999,39.584193824000067],[-106.10939952399997,39.584529280000027],[-106.10915327499998,39.584892686000046],[-106.10887423299994,39.585250357000064],[-106.10862121899999,39.585535995000043],[-106.10818234499999,39.585955802000058],[-106.10778956599995,39.586286607000034],[-106.10763030599998,39.586401637000051],[-106.10745080299995,39.586531287000071],[-106.10700123799995,39.586821357000076],[-106.10588936799996,39.587463811000077],[-106.10474093999994,39.588095237000061],[-106.10420901099997,39.588387693000072],[-106.10361449999999,39.588714550000077],[-106.10341109599995,39.588826380000057],[-106.10183984799994,39.589690206000057],[-106.10008562099995,39.590654579000045],[-106.09943210499995,39.591013830000065]]},"properties":{"OBJECTID":86,"RID":"070A_DEC","tmc":"116-04723","intersection":"MAIN ST/EXIT 201","TMC_Along_I70Even_Statistics2_MIN_MEAS":201.05624534777579,"TMC_Along_I70Even_Statistics2_MAX_MEAS":202.15350323171336,"Shape_Length":0.018117237292065679}},{"type":"Feature","id":87,"geometry":{"type":"LineString","coordinates":[[-105.39798098199998,39.716851986000052],[-105.39789642399995,39.716805314000055],[-105.39757563899997,39.716628259000061],[-105.39722768199994,39.716462812000032]]},"properties":{"OBJECTID":87,"RID":"070A_DEC","tmc":"116N04232","intersection":"CLEAR CREEK/JEFFERSON CO LINE","TMC_Along_I70Even_Statistics2_MIN_MEAS":247.23525230663031,"TMC_Along_I70Even_Statistics2_MAX_MEAS":247.28414545296405,"Shape_Length":0.00084827465961396012}},{"type":"Feature","id":88,"geometry":{"type":"LineString","coordinates":[[-105.69607078199999,39.718451609000056],[-105.69604738599998,39.71860842500007],[-105.69601391099997,39.718832805000034],[-105.69567126199996,39.721129424000026],[-105.69560582299994,39.721568016000049],[-105.69541447399996,39.722530559000063],[-105.69523273199997,39.723182252000072],[-105.69504407799997,39.723726617000068],[-105.69417423499999,39.726034158000061],[-105.69377989699996,39.727080216000047],[-105.69273628899998,39.729848434000075],[-105.69250129999995,39.730471716000068],[-105.69246355699994,39.730562000000077],[-105.69230143799996,39.730949802000055],[-105.69211167299994,39.731339981000076],[-105.69183287199996,39.731819546000054],[-105.69151266699998,39.732287141000029],[-105.69116355899996,39.732718596000041],[-105.69114700899996,39.732739050000077],[-105.69065730999995,39.73326727400007],[-105.68734126699997,39.736633446000042],[-105.68698261199995,39.737025680000045],[-105.68650419699998,39.737610195000059],[-105.68629038899996,39.737927305000028],[-105.68596998599998,39.738463055000068],[-105.68450636699998,39.741174434000072],[-105.68447788899999,39.741220743000042],[-105.68424181199998,39.74160463100003],[-105.68393390499995,39.742010857000025],[-105.68358675399998,39.742383792000055],[-105.68322105699997,39.742702894000047],[-105.68303530799994,39.74284794600004],[-105.68282545499994,39.743011815000045],[-105.68238923199999,39.743300036000051],[-105.68181401399994,39.743630959000029],[-105.67995647399994,39.744630379000057],[-105.67948484599998,39.744874955000057],[-105.67943918099996,39.744896174000075],[-105.67828283099999,39.745433510000055],[-105.67725554699996,39.745842348000053],[-105.67470106299999,39.746858920000079],[-105.67136046899998,39.748188200000072],[-105.66793284699997,39.749551956000062],[-105.66749548999996,39.749726807000059],[-105.66725365799999,39.749823487000072],[-105.66714878299996,39.749883277000038],[-105.66709750299998,39.749903989000074],[-105.66691818099997,39.749976418000074],[-105.66667995099999,39.750053208000054],[-105.66603651399998,39.750310130000059],[-105.66316854499996,39.751455226000076],[-105.66233720299999,39.751819213000033],[-105.66218413699994,39.751900086000035],[-105.66175373299995,39.752127488000042],[-105.66113507599994,39.752527774000043],[-105.66102635899995,39.752616151000041],[-105.66050482599996,39.753040103000046],[-105.66007871699998,39.753457720000029],[-105.65981826499996,39.753742812000041],[-105.65893168399998,39.754787380000039],[-105.65891614299994,39.754805915000077],[-105.65821401599999,39.755643313000064],[-105.65673536799994,39.757406754000044],[-105.65621751699996,39.757948724000073],[-105.65592310799997,39.758210563000034],[-105.65557509399997,39.758520075000035],[-105.65541157499996,39.758658406000052],[-105.65539732099995,39.758667870000068],[-105.65500750699994,39.758926691000056],[-105.65433131699996,39.759317691000035]]},"properties":{"OBJECTID":88,"RID":"070A","tmc":"116+04732","intersection":"US-40/EXIT 232","TMC_Along_I70Even_Statistics2_MIN_MEAS":228.06211784288331,"TMC_Along_I70Even_Statistics2_MAX_MEAS":231.97530302931645,"Shape_Length":0.06198129101572563}},{"type":"Feature","id":89,"geometry":{"type":"LineString","coordinates":[[-105.93397995599997,39.678676782000025],[-105.93203996499994,39.678680478000047],[-105.92608610299999,39.678691592000064],[-105.90902627799994,39.678721746000065],[-105.90517906599996,39.67872820000008],[-105.90370909099994,39.67885407600005],[-105.90365455899996,39.67886756200005]]},"properties":{"OBJECTID":89,"RID":"070A","tmc":"116+10750","intersection":"EISENHOWER MEMORIAL TUNNEL (EAST)","TMC_Along_I70Even_Statistics2_MIN_MEAS":213.5912261639167,"TMC_Along_I70Even_Statistics2_MAX_MEAS":215.32310273262783,"Shape_Length":0.030332465408482653}},{"type":"Feature","id":90,"geometry":{"type":"LineString","coordinates":[[-106.14108803299996,39.54074877100004],[-106.14079702799995,39.541058879000047],[-106.14023924999998,39.541653261000079],[-106.13980843399997,39.542226304000053],[-106.13959502199998,39.542595584000026],[-106.13937759399994,39.543107243000065],[-106.13923367499996,39.543625323000072],[-106.13917717599998,39.544129818000044],[-106.13917246999995,39.545124569000052],[-106.13914806099996,39.545492243000069],[-106.13906597199997,39.545974263000062],[-106.13891577699997,39.546453073000066],[-106.13876435699996,39.546790586000043],[-106.13853719599996,39.547200906000057],[-106.13582936599994,39.551752713000042],[-106.13562186699994,39.552046474000065],[-106.13540008699994,39.552319917000034],[-106.13524437499996,39.552490301000034],[-106.13521730699995,39.552519919000076],[-106.13491571199995,39.552801170000066],[-106.13439569999997,39.553202171000066],[-106.13296170199999,39.554187814000045],[-106.13258853399998,39.554484202000026],[-106.13224885499994,39.554796714000076],[-106.13194140299998,39.555135581000059],[-106.13164885199996,39.555497051000032],[-106.13070340799999,39.556778889000043],[-106.13038215999995,39.557293040000047],[-106.13020792199995,39.557652394000058],[-106.13006781799999,39.558029325000064],[-106.12999002999999,39.558313228000031],[-106.12992707399997,39.558704620000071],[-106.12991938899995,39.558815593000077],[-106.12989983899996,39.559097945000076],[-106.12994393299999,39.560426360000065],[-106.12994398599994,39.560908716000029],[-106.12991066599994,39.561360297000078],[-106.12985651599996,39.561649695000028],[-106.12983975499998,39.561739270000032],[-106.12968697299999,39.562221434000037],[-106.12946085999994,39.562693864000039],[-106.12922352499999,39.563064893000046],[-106.12893102599998,39.56343154700005],[-106.12858864499998,39.563780034000047],[-106.12821755799996,39.564119448000042],[-106.12763740199995,39.564616596000064],[-106.12723496299998,39.564933410000037],[-106.12677987599994,39.565267723000034],[-106.12671693899995,39.565313959000036],[-106.12628989999996,39.565600284000027],[-106.12529393899996,39.566201405000072],[-106.12425320499995,39.566737958000033],[-106.12316903199996,39.567204421000042],[-106.12254991299994,39.567435542000055],[-106.12129179099998,39.567843731000039],[-106.12004638599996,39.568247776000078],[-106.11957234299996,39.568424254000035],[-106.11899239999997,39.56867625600006],[-106.11823074699998,39.569072066000047],[-106.11747912799996,39.569462654000063],[-106.11659364299999,39.569968491000054],[-106.11606275099996,39.570313337000073],[-106.11563167299994,39.570623802000057],[-106.11499594799994,39.571155646000079],[-106.11455825399997,39.571585054000025],[-106.11403024699996,39.572199290000071],[-106.11367505199996,39.572720263000065]]},"properties":{"OBJECTID":90,"RID":"070A","tmc":"116+04723","intersection":"MAIN ST/EXIT 201","TMC_Along_I70Even_Statistics2_MIN_MEAS":198.13300134577571,"TMC_Along_I70Even_Statistics2_MAX_MEAS":200.71171107806038,"Shape_Length":0.044943437731947901}},{"type":"Feature","id":91,"geometry":{"type":"LineString","coordinates":[[-105.63530811399994,39.764039382000078],[-105.63516486499998,39.764064820000044],[-105.63445502099995,39.764190867000025],[-105.63388574599998,39.764307303000066],[-105.63371972199997,39.764341260000037],[-105.63297021099999,39.764536142000054],[-105.63235024499994,39.764738928000043],[-105.63187813699994,39.764918710000074],[-105.63175744999995,39.764950352000028],[-105.63153838099998,39.765058981000038],[-105.63132808899996,39.765146074000029],[-105.63121292999995,39.765178286000037],[-105.63100114899999,39.765284001000055],[-105.63069448799996,39.76540912400003],[-105.63007573999994,39.765630645000044],[-105.62938170499996,39.765861917000052],[-105.62862654299994,39.766044804000046],[-105.62785539399994,39.76616817200005],[-105.62672956599994,39.766286759000025],[-105.62409799899996,39.766563906000044],[-105.62326435599999,39.766610103000062],[-105.62168893399996,39.766612593000048],[-105.62097293099998,39.766574375000062],[-105.62016681899996,39.766531341000075],[-105.61902446699997,39.766405078000048],[-105.61882945799994,39.766383522000069],[-105.61787831899994,39.766231780000055],[-105.61745564199998,39.76616434400006],[-105.61679848499995,39.766059493000057]]},"properties":{"OBJECTID":91,"RID":"070A_DEC","tmc":"116-04733","intersection":"CR-308/EXIT 233","TMC_Along_I70Even_Statistics2_MIN_MEAS":233.03888585874725,"TMC_Along_I70Even_Statistics2_MAX_MEAS":234.05374377808852,"Shape_Length":0.018894925896718859}},{"type":"Feature","id":92,"geometry":{"type":"LineString","coordinates":[[-105.43967230199996,39.745437799000058],[-105.43924278399999,39.745564571000045],[-105.43922734999995,39.745569125000031],[-105.43896586499994,39.745605032000071],[-105.43850136399999,39.745634903000052],[-105.43825178599997,39.745626310000034],[-105.43793649099996,39.745578870000031],[-105.43764152899996,39.745510766000052],[-105.43721407299995,39.745364989000052],[-105.43576121199999,39.744717322000042],[-105.43569350899998,39.744687140000053],[-105.43430335099998,39.744067396000048],[-105.43398335299997,39.743872864000025],[-105.43392854999996,39.743829843000071],[-105.43389991799995,39.743807366000055]]},"properties":{"OBJECTID":92,"RID":"070A","tmc":"116P04741","intersection":"US-6/EXIT 244","TMC_Along_I70Even_Statistics2_MIN_MEAS":244.23641936315954,"TMC_Along_I70Even_Statistics2_MAX_MEAS":244.56606356826785,"Shape_Length":0.0061836655032846957}},{"type":"Feature","id":93,"geometry":{"type":"LineString","coordinates":[[-105.40970218099994,39.721354762000033],[-105.40967268699995,39.721342481000079],[-105.40960667799999,39.721314996000046],[-105.40949847199994,39.721269942000049],[-105.40927149399994,39.721235584000055],[-105.40351934399996,39.719824963000065],[-105.40284082199997,39.71963921300005],[-105.40235922399995,39.71947782500007],[-105.40202669999996,39.71933602200005],[-105.40167244599996,39.719184950000056],[-105.40111805699996,39.71888483400005],[-105.40068472899998,39.718614484000057],[-105.39870388099996,39.717289072000028],[-105.39841492399995,39.717109821000065]]},"properties":{"OBJECTID":93,"RID":"070A_DEC","tmc":"116-04742","intersection":"BEAVER BROOK CANYON RD/EXIT 247","TMC_Along_I70Even_Statistics2_MIN_MEAS":246.59477397514712,"TMC_Along_I70Even_Statistics2_MAX_MEAS":247.21038858064702,"Shape_Length":0.012195414818393431}},{"type":"Feature","id":94,"geometry":{"type":"LineString","coordinates":[[-105.19842884099995,39.707041375000074],[-105.19650818999997,39.709526957000037],[-105.19573711799995,39.710524762000034],[-105.19505642399997,39.711405588000048],[-105.19460462599994,39.712002527000038],[-105.19456413199998,39.712056028000063],[-105.19418798399994,39.712553005000075],[-105.19396385699997,39.712849123000069],[-105.19312462999994,39.713937204000047],[-105.19271429199995,39.714469202000032],[-105.19126955999997,39.716342204000057],[-105.19116408899998,39.716478936000044],[-105.19109351499998,39.716570426000033]]},"properties":{"OBJECTID":94,"RID":"070A_DEC","tmc":"116N04240","intersection":"CO-470/EXIT 260","TMC_Along_I70Even_Statistics2_MIN_MEAS":259.37914865537209,"TMC_Along_I70Even_Statistics2_MAX_MEAS":260.16823824278208,"Shape_Length":0.012025454319405795}},{"type":"Feature","id":95,"geometry":{"type":"LineString","coordinates":[[-105.20232646899996,39.70199671000006],[-105.20204894699998,39.702355932000046],[-105.20057906299996,39.704258474000028],[-105.20028096599998,39.704644302000077],[-105.20007537999999,39.70491038800003],[-105.19985950799997,39.705189783000037],[-105.19981838999996,39.705243002000032],[-105.19946888599998,39.705695348000063],[-105.19882126299996,39.706533517000025],[-105.19842884099995,39.707041375000074]]},"properties":{"OBJECTID":95,"RID":"070A_DEC","tmc":"116-04239","intersection":"US-40/CO-26/EXIT 259","TMC_Along_I70Even_Statistics2_MIN_MEAS":258.99997648696058,"TMC_Along_I70Even_Statistics2_MAX_MEAS":259.37914865537209,"Shape_Length":0.0063749626677114127}},{"type":"Feature","id":96,"geometry":{"type":"LineString","coordinates":[[-105.45697777399994,39.744706156000063],[-105.45656142899998,39.744472345000077],[-105.45624081999995,39.744292294000047],[-105.45551753699999,39.743918028000053],[-105.45494419599999,39.743639716000075],[-105.45481758399995,39.74357825800007],[-105.45439636299994,39.743418446000078],[-105.45395954099996,39.743302049000079],[-105.45351506999998,39.743224443000031],[-105.45307171199994,39.743185839000034],[-105.45277912399996,39.743183103000035],[-105.45234603599994,39.743208434000053],[-105.45192195499999,39.743262289000029],[-105.45151499699995,39.743348600000047],[-105.45111636599995,39.74346825300006],[-105.45082950699998,39.743568523000079],[-105.45058874299997,39.743652680000025],[-105.45045544299995,39.743699274000051],[-105.44882110699996,39.744303020000075],[-105.44857193699994,39.744375947000037],[-105.44831032899998,39.744429919000027],[-105.44827635299998,39.744433524000044],[-105.44789582299995,39.744473911000057],[-105.44760932299994,39.744469170000059],[-105.44731961399998,39.744439217000036],[-105.44688523199994,39.744336978000035],[-105.44648379499995,39.74419505700007],[-105.44548658599996,39.743794409000031],[-105.44522640099996,39.743689873000051],[-105.44485579199994,39.743572981000057],[-105.44459751899996,39.743511142000045],[-105.44419387399995,39.743455295000047],[-105.44391633899994,39.743444498000031],[-105.44364019099999,39.743456600000059],[-105.44347524699998,39.743476088000079],[-105.44336686399998,39.743488892000073],[-105.44310204799996,39.743544773000053],[-105.44298623199995,39.743578928000034],[-105.44284624199997,39.743620211000064],[-105.44248845199996,39.743774856000073],[-105.44215183499995,39.743970751000063],[-105.44202152299994,39.744056584000077],[-105.44081439999997,39.744851659000062],[-105.44064308299994,39.74494760500005],[-105.44010788099996,39.745247343000074],[-105.43969131699998,39.745432187000063],[-105.43967230199996,39.745437799000058]]},"properties":{"OBJECTID":96,"RID":"070A","tmc":"116+04741","intersection":"US-6/EXIT 244","TMC_Along_I70Even_Statistics2_MIN_MEAS":243.22462907113902,"TMC_Along_I70Even_Statistics2_MAX_MEAS":244.23641936315954,"Shape_Length":0.018507962434939979}},{"type":"Feature","id":97,"geometry":{"type":"LineString","coordinates":[[-105.25529154099996,39.704638377000038],[-105.25494148199999,39.704667723000057],[-105.25450154799995,39.704657226000052],[-105.25430627899999,39.704652567000039],[-105.25407712399999,39.704628678000063],[-105.25352513899998,39.704571137000073],[-105.25192615399999,39.70426517900006],[-105.25084895099997,39.704035073000057],[-105.25082132899996,39.704029480000031],[-105.25040016899999,39.70394419400003],[-105.24854691499996,39.703568891000032],[-105.24847671199996,39.703554673000042],[-105.24658197699995,39.703170932000035],[-105.24650777399995,39.703153627000063],[-105.24608862999997,39.703055873000039]]},"properties":{"OBJECTID":97,"RID":"070A_DEC","tmc":"116N04238","intersection":"GRAPEVINE RD/EXIT 256","TMC_Along_I70Even_Statistics2_MIN_MEAS":255.73163836682747,"TMC_Along_I70Even_Statistics2_MAX_MEAS":256.29875389665159,"Shape_Length":0.0093617264839886798}},{"type":"Feature","id":98,"geometry":{"type":"LineString","coordinates":[[-106.52537146799995,39.639485852000064],[-106.52502188199998,39.639362123000069],[-106.52495465599998,39.639334875000031],[-106.52424373099996,39.63904672700005],[-106.52382910999995,39.638857708000046],[-106.52349477899998,39.63870528800004],[-106.52248332999994,39.63817543600004],[-106.52228510399999,39.638071592000074],[-106.52136754199995,39.637563994000061],[-106.52132157099999,39.637538561000042],[-106.52113769699997,39.637436839000031],[-106.52101511599994,39.637369027000034],[-106.52099979099995,39.637360548000061],[-106.51813452399995,39.635775358000046],[-106.51774746399997,39.63556120800007],[-106.51729463499998,39.635336288000076],[-106.51698406999998,39.635182029000077]]},"properties":{"OBJECTID":98,"RID":"070A_DEC","tmc":"116N04715","intersection":"AVON RD/EXIT 167","TMC_Along_I70Even_Statistics2_MIN_MEAS":166.37317848833169,"TMC_Along_I70Even_Statistics2_MAX_MEAS":166.93767648696053,"Shape_Length":0.009437339011398007}},{"type":"Feature","id":99,"geometry":{"type":"LineString","coordinates":[[-106.83011502999994,39.658597542000052],[-106.82952431799998,39.658991348000029],[-106.82776435199997,39.660164588000043],[-106.82473563699995,39.662183453000068]]},"properties":{"OBJECTID":99,"RID":"070A_DEC","tmc":"116N04712","intersection":"EBY CREEK RD/EXIT 147","TMC_Along_I70Even_Statistics2_MIN_MEAS":146.48502721909139,"TMC_Along_I70Even_Statistics2_MAX_MEAS":146.87200373453325,"Shape_Length":0.006465031072549172}},{"type":"Feature","id":100,"geometry":{"type":"LineString","coordinates":[[-105.93502946199999,39.678670426000053],[-105.93496172799996,39.67867422900008],[-105.93494912399996,39.67867493600005],[-105.93397995599997,39.678676782000025]]},"properties":{"OBJECTID":100,"RID":"070A","tmc":"116P04726","intersection":"EISENHOWER MEMORIAL TUNNEL (WEST)","TMC_Along_I70Even_Statistics2_MIN_MEAS":213.55888738691408,"TMC_Along_I70Even_Statistics2_MAX_MEAS":213.5912261639167,"Shape_Length":0.0010496342492902777}},{"type":"Feature","id":101,"geometry":{"type":"LineString","coordinates":[[-105.64584651899997,39.762093991000029],[-105.64504291699996,39.762268746000075],[-105.64432148099996,39.762401622000027],[-105.64416836899994,39.762429822000058],[-105.64105493899996,39.763003197000046],[-105.63976191299997,39.763241296000047],[-105.63889421699997,39.763401065000039],[-105.63878826399997,39.763420573000076]]},"properties":{"OBJECTID":101,"RID":"070A_DEC","tmc":"116-04732","intersection":"US-40/EXIT 232","TMC_Along_I70Even_Statistics2_MIN_MEAS":232.48368577743832,"TMC_Along_I70Even_Statistics2_MAX_MEAS":232.89592084498474,"Shape_Length":0.0071822102488628371}},{"type":"Feature","id":102,"geometry":{"type":"LineString","coordinates":[[-106.14171597799998,39.534115328000041],[-106.14191612799999,39.53437146300007],[-106.14200167099995,39.534480931000076],[-106.14242802499996,39.535102409000046],[-106.14260136999997,39.535424610000064],[-106.14264240799997,39.535515014000055],[-106.14275305699999,39.53575877600008],[-106.14290331499996,39.536234774000036],[-106.14297799199994,39.536604933000035],[-106.14301773299997,39.537105050000036],[-106.14301303899998,39.537218012000039],[-106.14300219399996,39.537478940000028],[-106.14297790199998,39.537640809000038],[-106.14294605499998,39.537852996000026],[-106.14285307599994,39.538227580000068],[-106.14266688199996,39.538720225000077],[-106.14249535799996,39.539052412000046],[-106.14245396299998,39.539113803000077],[-106.14215159499997,39.539562226000044],[-106.14180903999994,39.539980423000031],[-106.14176859899999,39.540023519000044],[-106.14136839199995,39.540450007000061],[-106.14108803299996,39.54074877100004]]},"properties":{"OBJECTID":102,"RID":"070A","tmc":"116P04722","intersection":"CR-1220/CR-1070/EXIT 198","TMC_Along_I70Even_Statistics2_MIN_MEAS":197.58146505122616,"TMC_Along_I70Even_Statistics2_MAX_MEAS":198.13300134577571,"Shape_Length":0.0075770275773697892}},{"type":"Feature","id":103,"geometry":{"type":"LineString","coordinates":[[-105.46290821699995,39.746814361000077],[-105.46140973899998,39.746628258000044],[-105.46112627799994,39.746584945000052],[-105.46096144399996,39.746559758000046],[-105.46079600399997,39.746527255000046],[-105.46050679699994,39.746470436000038],[-105.46045543899999,39.746457788000043],[-105.46005317299995,39.746358715000042],[-105.45975429499998,39.746268938000071],[-105.45967807799997,39.746241198000064],[-105.45917140499995,39.74605678100005],[-105.45905658799995,39.746004685000059],[-105.45861487799999,39.745804264000071],[-105.45809335399997,39.745531018000065],[-105.45714946199996,39.745000959000038]]},"properties":{"OBJECTID":103,"RID":"070A_DEC","tmc":"116N04740","intersection":"CR-314/EXIT 243","TMC_Along_I70Even_Statistics2_MIN_MEAS":242.88928373974574,"TMC_Along_I70Even_Statistics2_MAX_MEAS":243.20488840439211,"Shape_Length":0.0061088229444067567}},{"type":"Feature","id":104,"geometry":{"type":"LineString","coordinates":[[-105.40977646999994,39.721193844000027],[-105.40971045999999,39.721166360000041],[-105.40954375599995,39.721096946000046],[-105.40931677699996,39.721062587000063],[-105.40356464699994,39.71965196900004],[-105.40288612199998,39.719466217000047],[-105.40240452499995,39.719304830000056],[-105.40213208199998,39.719188647000067],[-105.40171774599997,39.719011953000063],[-105.40116335899995,39.718711840000026],[-105.40073003199996,39.718441489000043],[-105.39874918899994,39.71711607900005],[-105.39838853899994,39.716892354000038]]},"properties":{"OBJECTID":104,"RID":"070A","tmc":"116+04743","intersection":"JEFFERSON--CLEAR CREEK COUNTY BORDER","TMC_Along_I70Even_Statistics2_MIN_MEAS":246.59697648696056,"TMC_Along_I70Even_Statistics2_MAX_MEAS":247.21868939514636,"Shape_Length":0.012311177326621535}},{"type":"Feature","id":105,"geometry":{"type":"LineString","coordinates":[[-105.31832344499998,39.710123965000037],[-105.31829320999998,39.710150236000061],[-105.31790638499996,39.71048632000003],[-105.31669446999996,39.711539244000051],[-105.31668396199996,39.711548372000038],[-105.31622847299997,39.711983183000029],[-105.31569650899996,39.712490993000074],[-105.31501469299997,39.71314183000004],[-105.31482928199995,39.713291896000044],[-105.31462929899999,39.713453754000057],[-105.31433213299994,39.713660767000079],[-105.31426371099997,39.713699164000047],[-105.31402239899995,39.713834585000029],[-105.31398674899998,39.713850378000075]]},"properties":{"OBJECTID":105,"RID":"070A_DEC","tmc":"116N04236","intersection":"GENESEE DR/MOSS ROCK RD/EXIT 253","TMC_Along_I70Even_Statistics2_MIN_MEAS":252.09439694197326,"TMC_Along_I70Even_Statistics2_MAX_MEAS":252.45626183660906,"Shape_Length":0.0057316828112821639}},{"type":"Feature","id":106,"geometry":{"type":"LineString","coordinates":[[-106.37351740499997,39.643151583000076],[-106.37190030099998,39.64278921600004],[-106.36919422099999,39.642182760000026],[-106.36820241599997,39.641960468000036],[-106.36670438099998,39.64164777600007],[-106.36548272999994,39.641446747000032],[-106.36455499899995,39.641334900000061],[-106.36330897699997,39.641239289000055],[-106.36204636899998,39.641201997000053],[-106.36109537999994,39.641213039000036],[-106.36015129499998,39.641259769000044],[-106.35945917899994,39.641317409000067],[-106.35921719499999,39.641337561000057],[-106.35830182899997,39.641448404000073],[-106.35683503699994,39.641685409000047],[-106.35510954799997,39.641964192000046],[-106.35330489299997,39.642255735000049],[-106.35294079499994,39.642314550000037],[-106.35267068399997,39.642358184000045],[-106.34358273999999,39.643825828000047],[-106.34238386099997,39.644019381000078],[-106.34175499199995,39.644135556000037],[-106.34150322999994,39.644182066000042],[-106.34033670399998,39.644432226000049],[-106.33139620799994,39.646456243000046],[-106.33052597899996,39.646642371000041],[-106.32964177699995,39.646807504000037],[-106.32873733099996,39.646943045000057],[-106.32815568699999,39.647006433000058],[-106.32781677499997,39.647043367000038],[-106.32689834399997,39.647112166000056],[-106.32606735499996,39.64714957800004],[-106.32599702899995,39.647152743000049],[-106.32540086899996,39.647159558000055],[-106.32353771399994,39.647110216000044],[-106.32332770399995,39.647104651000063],[-106.32265794599999,39.64708210100008],[-106.32145315199995,39.647041525000077],[-106.31764753599998,39.646913275000031],[-106.31548393999998,39.646840306000058],[-106.31481823899998,39.646804134000035],[-106.31465663999995,39.646795351000037],[-106.31381648099995,39.646706920000042],[-106.31325481499994,39.646606517000066],[-106.31298005199994,39.646542408000073],[-106.31244851699995,39.646388139000067],[-106.31194512199994,39.646206681000081],[-106.31176338499995,39.646131787000058]]},"properties":{"OBJECTID":106,"RID":"070A","tmc":"116+04719","intersection":"BIG HORN RD/EXIT 180","TMC_Along_I70Even_Statistics2_MIN_MEAS":176.28531626782302,"TMC_Along_I70Even_Statistics2_MAX_MEAS":179.62330286504763,"Shape_Length":0.062580433060188539}},{"type":"Feature","id":107,"geometry":{"type":"LineString","coordinates":[[-105.32440386399998,39.705640989000074],[-105.32380185899996,39.706038590000048],[-105.32339556099998,39.706294959000047],[-105.32245588099994,39.706887868000081],[-105.32161042499996,39.707450321000067],[-105.32076811099995,39.708010669000032],[-105.32074374099994,39.70802688100008],[-105.31992051799995,39.708615457000064],[-105.31977646099995,39.708727866000061],[-105.31931715999997,39.709086265000053],[-105.31848623499997,39.709734633000039],[-105.31845242299994,39.709762899000054]]},"properties":{"OBJECTID":107,"RID":"070A","tmc":"116+04236","intersection":"GENESEE DR/MOSS ROCK RD/EXIT 253","TMC_Along_I70Even_Statistics2_MIN_MEAS":251.61637486790846,"TMC_Along_I70Even_Statistics2_MAX_MEAS":252.0697906162178,"Shape_Length":0.0072446928834401878}},{"type":"Feature","id":108,"geometry":{"type":"LineString","coordinates":[[-106.41785725299997,39.629561713000044],[-106.41769468299998,39.629662383000039],[-106.41720260999995,39.629988334000075],[-106.41678483599998,39.63026506500006],[-106.41642999899994,39.630529461000037],[-106.41614396499995,39.630742589000079],[-106.41426714999994,39.632218540000054],[-106.41381925199994,39.632533887000079],[-106.41374575899994,39.632581745000039],[-106.41312287799997,39.632987352000043],[-106.41243960599996,39.63338850100007],[-106.41223911199995,39.633506210000064],[-106.41143769199999,39.633976708000034],[-106.41075608999995,39.634376856000074],[-106.40666795399994,39.636776694000048],[-106.40368653699994,39.638526667000065],[-106.40148727199994,39.639817442000037],[-106.39958426799996,39.640934267000034],[-106.39835792199995,39.641616724000073],[-106.39834956599998,39.641620990000035],[-106.39784134399997,39.641880428000036],[-106.39730751399998,39.642131072000041],[-106.39685286199995,39.642337051000027],[-106.39640516499998,39.642539876000058],[-106.39608168399997,39.642686424000033],[-106.39589683599996,39.642770166000048],[-106.39379050099996,39.643724368000051],[-106.39270853599999,39.644214489000035],[-106.39252836599996,39.644296103000045],[-106.39199840999999,39.644506015000047],[-106.39145740099997,39.644694446000074],[-106.39035908399995,39.645021783000061],[-106.39031806699995,39.645031070000073],[-106.38996302799995,39.645111462000045],[-106.38951552899994,39.645212786000059],[-106.38865883999995,39.645363757000041],[-106.38807775199996,39.645439133000025],[-106.38719812099998,39.645512437000036],[-106.38686151199994,39.645525263000025],[-106.38631274299996,39.645546171000035],[-106.38542213999995,39.645533048000061],[-106.38482745999994,39.645497506000027],[-106.38393472299998,39.645406102000038],[-106.38305313199999,39.645272085000045],[-106.38304886999998,39.645271437000076],[-106.38253556399997,39.645170242000063],[-106.38247172699994,39.645157655000048],[-106.38209197799995,39.645072595000045]]},"properties":{"OBJECTID":108,"RID":"070A","tmc":"116+04718","intersection":"VAIL RD/EXIT 176","TMC_Along_I70Even_Statistics2_MIN_MEAS":173.52032032526455,"TMC_Along_I70Even_Statistics2_MAX_MEAS":175.85997648696059,"Shape_Length":0.04000241428132114}},{"type":"Feature","id":109,"geometry":{"type":"LineString","coordinates":[[-105.25299127799997,39.704233273000057],[-105.25237158699997,39.704115579000074],[-105.25089342699994,39.703812957000025],[-105.25047886299996,39.703728080000076],[-105.24862691599998,39.703348895000033],[-105.24855676499999,39.703334532000042],[-105.24730818499995,39.703078861000051]]},"properties":{"OBJECTID":109,"RID":"070A","tmc":"116P04238","intersection":"GRAPEVINE RD/EXIT 256","TMC_Along_I70Even_Statistics2_MIN_MEAS":255.85688020357333,"TMC_Along_I70Even_Statistics2_MAX_MEAS":256.22597192814561,"Shape_Length":0.0057992134609308656}},{"type":"Feature","id":110,"geometry":{"type":"LineString","coordinates":[[-105.51727979999998,39.740805876000024],[-105.51720762299999,39.740809379000041],[-105.51718873299995,39.740810712000041],[-105.51701258399999,39.740823142000067],[-105.51661015899998,39.740851539000062],[-105.51602478899997,39.740915511000026],[-105.51590142599997,39.740936724000051],[-105.51559804599998,39.740988895000044],[-105.51448217899997,39.741224790000047],[-105.51447624099995,39.741226045000076],[-105.51392314199995,39.741309468000054],[-105.51382357599999,39.74131544800008],[-105.51338024599994,39.74134207700007],[-105.51247904099995,39.741364598000075],[-105.51233814999995,39.74136562700005],[-105.51204369299995,39.741367775000072],[-105.51059378499997,39.741378342000075],[-105.51006065999997,39.741338895000069],[-105.50939703199998,39.741231731000028],[-105.50900829899996,39.741136434000055],[-105.50827449299999,39.74091254800004],[-105.50814698799996,39.740890834000027],[-105.50766987199995,39.740734945000042],[-105.50740295199995,39.74064773200007],[-105.50673444299997,39.740477811000062],[-105.50631090399997,39.740407954000034],[-105.50579383299998,39.740355330000057],[-105.50213404599998,39.740216604000068],[-105.50155740699995,39.740194735000046],[-105.50079739399996,39.74018516600006],[-105.50060693099999,39.740193245000057],[-105.50036803799998,39.740203379000036],[-105.50019816099996,39.740210584000067],[-105.49945531399999,39.740278187000058],[-105.49885427199996,39.740364166000063],[-105.49823312199999,39.740481119000037],[-105.49760364399998,39.740633469000045],[-105.49720307299998,39.740752263000047],[-105.49715664099995,39.740766033000057],[-105.49658964399998,39.740960112000039],[-105.49600073799996,39.74120657800006],[-105.49596620899996,39.74122102900003],[-105.49522494599995,39.741569877000074],[-105.49388920299998,39.742198471000052],[-105.49249369899997,39.74285516100008],[-105.49231575199997,39.742938896000055],[-105.49183721299994,39.743164077000074]]},"properties":{"OBJECTID":110,"RID":"070A","tmc":"116+04739","intersection":"I-70/EXIT 241","TMC_Along_I70Even_Statistics2_MIN_MEAS":239.79939186383191,"TMC_Along_I70Even_Statistics2_MAX_MEAS":241.27424700891541,"Shape_Length":0.026191613356441993}},{"type":"Feature","id":111,"geometry":{"type":"LineString","coordinates":[[-106.30394194899998,39.642725468000037],[-106.30384833399995,39.642685215000029],[-106.30373799499995,39.642637769000032],[-106.30308716399998,39.642301228000065],[-106.30265641999995,39.642039672000067],[-106.30233530199996,39.641822033000039],[-106.30071297899997,39.640614630000073],[-106.30002456099999,39.640165195000066],[-106.29937791599997,39.639814737000052],[-106.29796345899996,39.639168707000067],[-106.29741735099998,39.638869813000042],[-106.29710291999999,39.638674078000065],[-106.29703314099999,39.638630640000031],[-106.29668747899996,39.638387067000053],[-106.29666735799998,39.638372888000049],[-106.29623918099998,39.638029765000056],[-106.29480716399996,39.636683556000037],[-106.29441528599995,39.636339759000066],[-106.29425903899994,39.636215553000056],[-106.29409364999998,39.636084074000053],[-106.29393963299998,39.63597530800007],[-106.29169039599998,39.634386825000036],[-106.29141610599999,39.634193105000065],[-106.29091279399995,39.633837632000052],[-106.29005727999998,39.633196867000038],[-106.28886314999994,39.632302454000069],[-106.28804641699998,39.631690694000042],[-106.28747980299994,39.631300322000072],[-106.28700190999996,39.630997218000061],[-106.28648874099997,39.630701937000026],[-106.28602978199996,39.630462852000051],[-106.28594542899998,39.63041891000006],[-106.28538062199999,39.630154523000044],[-106.28464018099999,39.629847338000047],[-106.28418523099998,39.629683424000063],[-106.28358008199996,39.629488779000042],[-106.28324742899997,39.629392584000072],[-106.28215565899995,39.629076865000059],[-106.28113033399995,39.628780348000078],[-106.28066585799996,39.628611668000076],[-106.28036343899998,39.628481370000031],[-106.27979888699997,39.628178141000035],[-106.27942987199998,39.627924793000034],[-106.27916126099996,39.627695442000061],[-106.27899845799999,39.627556433000052],[-106.27862758299995,39.627145355000039],[-106.27859819999998,39.627100794000057],[-106.27832548499998,39.626687220000065],[-106.27814794199998,39.626315556000065],[-106.27805509299998,39.626057153000033],[-106.27802418299996,39.625941649000026],[-106.27798371999995,39.625790448000032],[-106.27793464899997,39.625515214000075],[-106.27791526299995,39.62523427800005],[-106.27791780599995,39.625135885000077],[-106.27792258099998,39.62495117800006],[-106.27792737399994,39.624915715000043],[-106.27798003799995,39.624525985000048],[-106.27807563799996,39.624110665000046],[-106.27871268599995,39.62169712900004],[-106.27882538299997,39.621270148000065],[-106.27931694799997,39.619034803000034],[-106.27949660899998,39.618152352000038],[-106.27963746799998,39.617460472000062],[-106.27971832599997,39.616861799000048],[-106.27972432599995,39.616472133000059],[-106.27972746699999,39.616268175000073],[-106.27967347499998,39.615755105000062],[-106.27966349599996,39.615660264000041],[-106.27955208299994,39.615164937000031],[-106.27943455099995,39.614785476000066],[-106.27923208299995,39.614271362000068],[-106.27829606699999,39.612268523000068],[-106.27817659199997,39.611969675000068],[-106.27802424299995,39.611588590000054],[-106.27786565399998,39.611134980000031],[-106.27762613999994,39.61031749600005],[-106.27758763199995,39.610186067000029],[-106.27753122199999,39.609993531000043],[-106.27741434099994,39.609594602000072],[-106.27736803299996,39.609436539000058],[-106.27703519299996,39.608525118000045],[-106.27665582899999,39.607684237000058],[-106.27628019299999,39.606851598000048],[-106.27611909699999,39.60651342400007],[-106.27526587899996,39.604722278000054],[-106.27498217799996,39.604126687000075],[-106.27457364599996,39.603405297000052],[-106.27444132599999,39.60320043300004],[-106.27410186799995,39.602674859000047],[-106.27306581199997,39.60127945000005],[-106.27266957999996,39.600745768000024],[-106.27255631799994,39.600597354000058],[-106.27210744699994,39.600009162000049],[-106.27199266999997,39.599869679000051],[-106.27168590399998,39.599496886000054],[-106.27166501799996,39.599474358000066],[-106.27121603999996,39.598990082000057],[-106.27085787699997,39.598655226000062],[-106.27024701299996,39.598158462000072],[-106.26988623999995,39.597908826000037],[-106.26957467499994,39.597693235000065],[-106.26956764399995,39.59768901800004],[-106.26929606499999,39.59752605400007],[-106.26909809299997,39.597407260000068],[-106.26823133899995,39.596962060000067],[-106.26772928999998,39.596724709000057],[-106.26630739499996,39.596087011000066],[-106.26565973599998,39.59579653600008],[-106.26551665099998,39.595743504000041],[-106.26539904199996,39.595677912000042],[-106.26436734799995,39.59523758000006],[-106.26395707699999,39.595086236000043],[-106.26370298099994,39.594992502000025],[-106.26302905399996,39.594803952000063],[-106.26262383199997,39.594722629000046],[-106.26220190399994,39.594657595000058],[-106.26188158799994,39.594628540000031],[-106.26176738399994,39.594618181000044],[-106.26086342199994,39.594588000000044],[-106.25394695099999,39.594727822000038],[-106.25335802499995,39.594721677000052],[-106.25291617999994,39.59469144600007],[-106.25241205499998,39.594624833000069],[-106.25233115499998,39.594614142000069],[-106.25189619399998,39.594530192000036],[-106.25144303899998,39.594417050000061],[-106.25133202699999,39.594389333000038],[-106.25063825599995,39.594149766000044],[-106.24998849299999,39.59387373900006],[-106.24974906699998,39.593772027000057],[-106.24877163599996,39.593286348000049],[-106.24794231599998,39.592822890000036],[-106.24713610499998,39.59232806600005],[-106.24641240599999,39.591822981000064],[-106.24599670699996,39.591478212000027],[-106.24582414999998,39.591335098000059],[-106.24558962199995,39.591045160000078],[-106.24538037299999,39.590739395000071],[-106.24528406999997,39.590562229000057],[-106.24524720199997,39.590494403000037],[-106.24513450799998,39.59022944000003],[-106.24502285199998,39.589861375000055],[-106.24496979399999,39.589578157000062],[-106.24495046999999,39.589194173000067],[-106.24497514099994,39.58890626200008],[-106.24503194399995,39.588620667000043],[-106.24514084799995,39.588246555000069],[-106.24524310399994,39.587970816000052],[-106.24601265699994,39.586101097000039],[-106.24622403999996,39.585587503000056],[-106.24649991099994,39.584790312000052],[-106.24692086699997,39.583478998000032],[-106.24697941699998,39.583296606000033],[-106.24716632699995,39.58282299800004],[-106.24716975199999,39.582814321000058],[-106.24737377599996,39.582444834000057],[-106.24762389299997,39.582094414000039],[-106.24827266099999,39.581351486000074],[-106.24864355699998,39.58092675100005],[-106.24884597899995,39.58066526500005],[-106.24912307299996,39.580199457000049],[-106.24928278799996,39.579811652000046],[-106.24935812699994,39.579516283000032],[-106.24940005799999,39.579207772000075],[-106.24940766399999,39.578891077000037],[-106.24937196499997,39.578573850000055],[-106.24926968099999,39.578138139000032],[-106.24905434499999,39.57757883000005],[-106.24899831499994,39.57746153100004],[-106.24884312999995,39.577136653000025],[-106.24851341799996,39.576583618000029],[-106.24812742099999,39.576033917000075],[-106.24775607299995,39.575599081000064],[-106.24724480199995,39.575067370000056],[-106.24700984899994,39.574861517000045],[-106.24659527399996,39.574498291000054],[-106.24405369499999,39.57237475200003],[-106.24237376299999,39.57097103600006],[-106.24165791899998,39.570372865000024],[-106.24126004199996,39.570027652000078],[-106.24097380499995,39.569752270000038],[-106.24061797899998,39.56936452900004],[-106.24028109699998,39.568956680000042],[-106.24004991199996,39.568631047000054],[-106.23950332299995,39.567861133000065],[-106.23902961999994,39.56719386900005],[-106.23890553599995,39.567019081000069],[-106.23861283099995,39.566649029000075],[-106.23828508599996,39.56630126500005],[-106.23813410899999,39.566163377000066],[-106.23800842099996,39.566048585000033],[-106.23770027699999,39.565799861000073],[-106.23763022899999,39.565746671000056],[-106.23613113699997,39.564608345000067],[-106.23544769699998,39.564068710000072],[-106.23512537199997,39.56378856300006],[-106.23483721899998,39.56349408400007],[-106.23442858599998,39.562979300000052],[-106.23431988699997,39.562804417000052],[-106.23416124199997,39.56254917800004],[-106.23385954799994,39.56188155600006],[-106.23351638799994,39.560729339000034],[-106.23338450599999,39.560383787000035],[-106.23327460999997,39.560155242000064],[-106.23307472999994,39.55981908800004],[-106.23273334699996,39.559399767000059],[-106.23268308899998,39.559352207000074],[-106.23252845999997,39.559205874000043],[-106.23230399799996,39.559023338000031],[-106.23192309599995,39.55877190700005],[-106.23136440099995,39.558465319000049],[-106.22989812999998,39.557738220000033],[-106.22985070099998,39.557710495000038],[-106.22962428999995,39.557578140000032],[-106.22933056899996,39.557406435000075],[-106.22905363799998,39.557209923000073],[-106.22893602599999,39.557126465000067],[-106.22872406499994,39.556950470000061],[-106.22844628399997,39.556719821000058],[-106.22822095199996,39.556493083000078],[-106.22790454199998,39.556128889000036],[-106.22664610799995,39.55444809100004],[-106.22614420599996,39.553851752000071],[-106.22541012299996,39.553080528000066],[-106.22260216499996,39.550277963000042],[-106.22197226699996,39.549649235000061],[-106.22182628399997,39.549503522000066],[-106.22126284699999,39.548923942000044],[-106.22083685899997,39.548439772000052],[-106.22067650299999,39.548214085000041],[-106.22056024899996,39.548050467000053],[-106.22038791999995,39.547759991000078],[-106.21980569699997,39.546654946000046],[-106.21948271699995,39.546029357000066],[-106.21829895099995,39.543736384000056],[-106.21700359899995,39.541227074000062],[-106.21569336399995,39.538688731000036],[-106.21564741699996,39.538599712000064],[-106.21540194799996,39.538007022000045],[-106.21524422799996,39.53739177500006],[-106.21520276199999,39.537017449000075],[-106.21520439499994,39.53664251500004],[-106.21522134999998,39.536457098000028],[-106.21523830699999,39.536271678000048],[-106.21536028499997,39.53541821500005],[-106.21568569599998,39.533477380000079],[-106.21581902899999,39.532823882000059]]},"properties":{"OBJECTID":111,"RID":"070A","tmc":"116+04720","intersection":"CR-16/SHRINE PASS RD/EXIT 190","TMC_Along_I70Even_Statistics2_MIN_MEAS":180.09419776529356,"TMC_Along_I70Even_Statistics2_MAX_MEAS":189.88602347387643,"Shape_Length":0.16139359948408133}},{"type":"Feature","id":112,"geometry":{"type":"LineString","coordinates":[[-105.49114742799998,39.743624544000056],[-105.49106868599995,39.743661669000062],[-105.49045021699999,39.743953261000058],[-105.49015640099998,39.744106780000038],[-105.49006446099997,39.744145719000073],[-105.48951540299998,39.744378256000061],[-105.48898839999998,39.744569302000059],[-105.48862013599995,39.744672532000038],[-105.48829745499995,39.74474430600003],[-105.48794350499998,39.74478442800006],[-105.48750697899999,39.74481042900004],[-105.48709265399998,39.744795811000074],[-105.48662134799997,39.744744148000052],[-105.48615746899998,39.744650733000071],[-105.48501060599995,39.744368420000058],[-105.48376673899998,39.744062214000053],[-105.48337941699998,39.74399237800003],[-105.48298669599995,39.743942177000065],[-105.48259023899999,39.743913297000063],[-105.48219238799999,39.74390926600006],[-105.48158949699996,39.743946631000028],[-105.48106620999994,39.74401535800007],[-105.48035666399994,39.744108542000049],[-105.48012435599998,39.744141512000056],[-105.47870185499994,39.744343398000069],[-105.47868035099998,39.744346602000064],[-105.47495625999994,39.744901508000055],[-105.47372587699999,39.745084812000073],[-105.47281881499998,39.745219940000027],[-105.47146766599997,39.745404461000078],[-105.47107865699996,39.74542899000005],[-105.47066511499997,39.745425683000065],[-105.47032425199995,39.745388221000042],[-105.47010522699998,39.745364150000057],[-105.46864480499994,39.745121312000038],[-105.46827102899999,39.745118043000048],[-105.46801774199997,39.745135563000076],[-105.46776651099998,39.745174521000024],[-105.46739795999997,39.745268861000056],[-105.46716229399999,39.745353054000077],[-105.46694255799997,39.745457356000031],[-105.46643987499999,39.745779095000046],[-105.46572517299995,39.746403989000044],[-105.46540937599997,39.746608288000061],[-105.46517468799999,39.746711171000072],[-105.46516671499995,39.746713960000079],[-105.46490899199995,39.746804094000026],[-105.46461562499996,39.746866113000067],[-105.46459737899994,39.74686841700003],[-105.46429881199998,39.746906125000066],[-105.46396797299997,39.746918242000049],[-105.46352035299998,39.746887849000075],[-105.46347531499998,39.74688479100007],[-105.46290821699995,39.746814361000077]]},"properties":{"OBJECTID":112,"RID":"070A_DEC","tmc":"116-04739","intersection":"I-70/EXIT 241","TMC_Along_I70Even_Statistics2_MIN_MEAS":241.34374208305974,"TMC_Along_I70Even_Statistics2_MAX_MEAS":242.88928373974574,"Shape_Length":0.029183376846559923}},{"type":"Feature","id":113,"geometry":{"type":"LineString","coordinates":[[-106.49829252399996,39.62966306900006],[-106.49812726099998,39.629602883000075],[-106.49790691999999,39.629522640000062],[-106.49781036899998,39.629487477000055],[-106.49731481199996,39.629258775000039],[-106.49707754299999,39.629130966000048],[-106.49684925399998,39.628994059000036],[-106.49642310999997,39.62869519700007],[-106.49603813199997,39.62836741600006],[-106.49594068999994,39.628271557000062],[-106.49573228499997,39.628066532000048],[-106.49572072699999,39.628055163000056],[-106.49568648899998,39.628021481000076],[-106.49565704899999,39.627987398000073],[-106.49546963799997,39.627770435000059],[-106.49489718499996,39.627107705000071],[-106.49455736699997,39.626749381000025],[-106.49437044899997,39.626576192000073],[-106.49395913499995,39.626248248000024],[-106.49373424899994,39.626096926000059],[-106.49325351499999,39.62582186700007],[-106.49299959099994,39.625698354000065],[-106.49246874699998,39.625484160000042],[-106.49234134399995,39.625445508000041],[-106.49195780099996,39.625329144000034],[-106.49191262999994,39.625315439000076],[-106.49162668499997,39.625247756000078],[-106.49103951399997,39.625147475000063],[-106.49006107599996,39.625021632000028]]},"properties":{"OBJECTID":113,"RID":"070A_DEC","tmc":"116N06999","intersection":"WILLIAM J POST BLVD","TMC_Along_I70Even_Statistics2_MIN_MEAS":167.9906569897372,"TMC_Along_I70Even_Statistics2_MAX_MEAS":168.55906282508118,"Shape_Length":0.0097330628890241674}},{"type":"Feature","id":114,"geometry":{"type":"LineString","coordinates":[[-106.58329557799999,39.647865849000027],[-106.58295348199994,39.64760721500005],[-106.58271694599995,39.647428385000069],[-106.58215759799998,39.646929773000068],[-106.58172727799996,39.646523239000032],[-106.58165679499996,39.64645665300003],[-106.58109781899998,39.645928568000045],[-106.58071710799999,39.645615184000064],[-106.58051274799999,39.645467785000051],[-106.58007458299994,39.64519834400005],[-106.57960420599994,39.644959167000025],[-106.57935716499998,39.644852363000041],[-106.57884100799998,39.644671115000051],[-106.57831076799994,39.644519347000028],[-106.57404784299996,39.643474462000029],[-106.57301940399998,39.643222353000056],[-106.57266479399999,39.643135423000047],[-106.57183327999996,39.642980475000059],[-106.57127138699997,39.642913536000037],[-106.57070359699998,39.642878881000058],[-106.56984484799995,39.642876095000076],[-106.56754170399995,39.642924738000033],[-106.56620288099998,39.64295299500003],[-106.56162854099995,39.643049417000043],[-106.56108929499999,39.643060772000069],[-106.56033649699998,39.643076620000045],[-106.55942492099996,39.643080801000053],[-106.55881993999998,39.643059786000038],[-106.55821889199996,39.643012506000048],[-106.55801616699995,39.642987876000063],[-106.55732817199998,39.642904282000075],[-106.55674128299995,39.642802564000078],[-106.55586489099994,39.642600147000053],[-106.55528860199996,39.642434943000069],[-106.55527315699999,39.642429642000025],[-106.55472889099997,39.642242810000027],[-106.55392036199999,39.641919083000062],[-106.55356456399994,39.641747537000072],[-106.55290949099998,39.641431694000062],[-106.54982962999998,39.639807249000057],[-106.54933156099997,39.63954453100007],[-106.54841949899998,39.639063434000036],[-106.54767163399998,39.638688749000039],[-106.54741436499995,39.638577817000055],[-106.54688107499999,39.63838621900004],[-106.54632488999994,39.638235620000046],[-106.54603908399997,39.63817743900006],[-106.54545462999994,39.638098763000073],[-106.54515837099996,39.63807754000004],[-106.54456353399996,39.638070433000053],[-106.54397081699994,39.638110803000075],[-106.54338643699998,39.638201363000064],[-106.54281504299996,39.638335190000078],[-106.54225524799995,39.638498707000053],[-106.54090349299997,39.638933085000076],[-106.54050332699995,39.639061673000072],[-106.53863682999997,39.63966141800006],[-106.53781269199999,39.639904742000056],[-106.53725589599998,39.640050563000045],[-106.53640374899999,39.64023996700007],[-106.53582408199998,39.64034771300004],[-106.53493844099995,39.640480026000034],[-106.53404228899996,39.640577414000063],[-106.53315010399996,39.640637822000031],[-106.53239408799999,39.640652432000024],[-106.53225915599995,39.64065504000007],[-106.53106470099999,39.640621449000037],[-106.53015861799997,39.640549485000065],[-106.52924960199999,39.640440157000057],[-106.52835473199997,39.640290222000033],[-106.52720088499996,39.640038693000065],[-106.52636806299995,39.639814848000071],[-106.52582346499997,39.639645827000038],[-106.52577910099996,39.639630126000043],[-106.52537146799995,39.639485852000064]]},"properties":{"OBJECTID":114,"RID":"070A_DEC","tmc":"116-04714","intersection":"BEARD CREEK RD/EXIT 163","TMC_Along_I70Even_Statistics2_MIN_MEAS":163.02401768259099,"TMC_Along_I70Even_Statistics2_MAX_MEAS":166.37317848833169,"Shape_Length":0.060711703714460892}},{"type":"Feature","id":115,"geometry":{"type":"LineString","coordinates":[[-105.80183137499995,39.69326516700005],[-105.80165475799998,39.693312159000072],[-105.80161669099999,39.693322287000058],[-105.80151499799996,39.693367042000034],[-105.79993857799997,39.693888597000068],[-105.79916983399994,39.69413916600007],[-105.79736602299994,39.694727086000057],[-105.79723403299994,39.694758543000034],[-105.79594105899997,39.695173526000076],[-105.79522774599997,39.695402459000036],[-105.79486907999996,39.695495439000069],[-105.79437862699996,39.695592090000048],[-105.79354580699999,39.695692872000052],[-105.79326920199998,39.695726344000036],[-105.79285380699997,39.695719848000067],[-105.79268516199994,39.695717211000044],[-105.79261465199994,39.695716109000045],[-105.79221507199998,39.695692033000057],[-105.79166667599998,39.695630746000063],[-105.79124044399998,39.695556335000049],[-105.79068707199997,39.695425710000052],[-105.79028639299997,39.69530534200004],[-105.78867468499999,39.694700990000058],[-105.78782074699996,39.694447873000058],[-105.78730704499998,39.694348353000066],[-105.78691489999994,39.694299049000051],[-105.78662893199999,39.694279932000029],[-105.78639051699997,39.69426399300005],[-105.78584535399995,39.69426076600007],[-105.78535665499999,39.694287949000056],[-105.78516697199996,39.694298501000048],[-105.78282192599994,39.694494515000031],[-105.78212833899994,39.694552480000027],[-105.78090389399995,39.694638200000043],[-105.77897279299998,39.694716567000057],[-105.77890741799996,39.694719220000025],[-105.77878060199998,39.694736344000034],[-105.77863530899998,39.69472958800003],[-105.77594195299997,39.694829482000046],[-105.77448174999995,39.69488361100008],[-105.77369809299995,39.694912655000053],[-105.77336197999995,39.694933463000041],[-105.77251389799994,39.694985961000043],[-105.77191038099994,39.69506504900005],[-105.77130088399997,39.695180102000052],[-105.77119048899999,39.69520695500006],[-105.77074467199998,39.695315398000048],[-105.76823787399996,39.695925128000056],[-105.76821219399994,39.695930817000033],[-105.76757682999994,39.696071572000051],[-105.76702538899997,39.69616263100005],[-105.76650373099994,39.696211047000077],[-105.76572669899997,39.696227006000072],[-105.76553927799995,39.69622036700008],[-105.76543269499996,39.696207325000046],[-105.76518634399997,39.696177180000063],[-105.76504194499995,39.69618054700004],[-105.76446913899997,39.696106148000069],[-105.76315697499996,39.695883212000069],[-105.76247542499999,39.69578352800005],[-105.76188556499994,39.695741269000052],[-105.76128615299996,39.695737164000036],[-105.76097837899994,39.695751621000056],[-105.76087462699996,39.695756496000058],[-105.76034764399998,39.695806565000055],[-105.75910990299997,39.695984797000051],[-105.75732101599999,39.696242366000035],[-105.75719905999995,39.69625992400006],[-105.75631771099995,39.69636020400003],[-105.75620052399995,39.696369148000031],[-105.75574319399999,39.696404055000073],[-105.75525888099997,39.696420728000078],[-105.75452725099996,39.696445912000058],[-105.75058029699994,39.696581697000056],[-105.74769878099994,39.696680743000059],[-105.74721050799997,39.696686526000065],[-105.74689067399999,39.696690312000044],[-105.74606730599999,39.696644534000029],[-105.74552236899996,39.696579900000074],[-105.74406667499994,39.696359938000057],[-105.74155112199998,39.695979779000027],[-105.74052977699995,39.69582541300008],[-105.73948989399997,39.695668235000028],[-105.73916350899998,39.695618901000046],[-105.73915591899998,39.695617754000068],[-105.73853183999995,39.695523417000061],[-105.73841100399994,39.695471530000077],[-105.73830148099995,39.695487358000037],[-105.73729606599994,39.69533468700007],[-105.73650241899998,39.695210037000038],[-105.73535227799994,39.695029389000069],[-105.73530336299996,39.695010361000072],[-105.73521570999998,39.694976264000047],[-105.73460936199996,39.694882702000029],[-105.73449582699999,39.694920976000049],[-105.73388109299998,39.694812839000065],[-105.73125388599999,39.69440333700004],[-105.73068922299996,39.694315316000029],[-105.73060639999994,39.69430240500003],[-105.73003898799999,39.694227686000033]]},"properties":{"OBJECTID":115,"RID":"070A","tmc":"116+04730","intersection":"WOODWARD AVE/EXIT 226","TMC_Along_I70Even_Statistics2_MIN_MEAS":221.49007652347058,"TMC_Along_I70Even_Statistics2_MAX_MEAS":225.43199766013311,"Shape_Length":0.072810044562391291}},{"type":"Feature","id":116,"geometry":{"type":"LineString","coordinates":[[-105.24608862999997,39.703055873000039],[-105.24532987399999,39.702878912000074],[-105.24489910699998,39.702754274000029],[-105.24461944299998,39.702673356000048],[-105.24378391999994,39.702431599000079],[-105.24340078399996,39.702314573000081],[-105.24155118899995,39.701749602000064],[-105.24120224899997,39.701602553000043],[-105.24083704199995,39.701417872000036],[-105.24082257699996,39.701409160000026],[-105.24060647399995,39.701279017000047],[-105.24037475599994,39.701124770000035],[-105.24019085799995,39.70097777400008],[-105.24001442099996,39.700827949000029],[-105.23956381499994,39.700374734000036],[-105.23948347299995,39.700301867000064],[-105.23932876599997,39.700161555000079],[-105.23905782099996,39.699915812000029],[-105.23887868499997,39.699753340000029],[-105.23835193699995,39.699318748000053],[-105.23820455099997,39.699229066000044],[-105.23777207899997,39.698965914000041],[-105.23741050299998,39.698820040000044],[-105.23698419499999,39.698695753000038],[-105.23647481099994,39.69861362100005],[-105.23579858199997,39.69855966700004],[-105.23574612499999,39.698555481000028],[-105.23414128999997,39.698519146000081],[-105.23411410299997,39.698518871000033],[-105.22965160999996,39.698473891000049],[-105.22894504699997,39.698466754000037],[-105.22833933099997,39.698460631000046],[-105.22754943199999,39.698432131000061],[-105.22711557799994,39.698389821000035],[-105.22649825899998,39.69828681100006],[-105.22605046899997,39.698187860000075],[-105.22591102499996,39.698146582000049],[-105.22095159399998,39.696678343000031],[-105.21967762499997,39.696366075000071],[-105.21913240099997,39.696272669000052],[-105.21818572799998,39.69619730800008],[-105.21599664199999,39.696223858000053],[-105.21575178599994,39.696226825000053],[-105.21512928999999,39.69620991000005],[-105.21452396299998,39.696169095000073],[-105.21406739099996,39.696115263000024],[-105.21361819999998,39.696035367000036],[-105.21231564799996,39.695710274000078],[-105.21136130099995,39.695505400000059],[-105.21099086499999,39.695466740000029],[-105.21042931099998,39.695468893000054],[-105.21004692399998,39.695499771000073],[-105.20967518199996,39.695569779000039],[-105.20930867399994,39.695658643000058],[-105.20878577699995,39.695818701000064],[-105.20831420799999,39.696043351000071],[-105.20774303799999,39.69650723400008],[-105.20757701699995,39.696642069000063],[-105.20726800499995,39.696925264000072],[-105.20677204099997,39.697407199000054],[-105.20632263699997,39.697843878000072]]},"properties":{"OBJECTID":116,"RID":"070A_DEC","tmc":"116-04238","intersection":"GRAPEVINE RD/EXIT 256","TMC_Along_I70Even_Statistics2_MIN_MEAS":256.29875389665159,"TMC_Along_I70Even_Statistics2_MAX_MEAS":258.61474306010649,"Shape_Length":0.042109772847345121}},{"type":"Feature","id":117,"geometry":{"type":"LineString","coordinates":[[-106.21651963899996,39.525167886000077],[-106.21648653199998,39.525016927000024],[-106.21646090999997,39.524900095000078],[-106.21626723599996,39.524207520000061],[-106.21610914399997,39.523742458000072],[-106.21588849099999,39.523200643000052],[-106.21511180199997,39.52153278600008],[-106.21475379399999,39.52080657700003],[-106.21472796999996,39.520758985000043],[-106.21448862099999,39.52031788100004],[-106.21362745999994,39.518955654000081],[-106.21318874499997,39.518261642000027],[-106.21318130399999,39.518249873000059],[-106.21284996899999,39.517760482000028],[-106.21283797599995,39.517744413000059],[-106.21249517399997,39.517285074000029],[-106.21217317399999,39.516915486000073],[-106.21181615599994,39.516548613000055],[-106.21132303199994,39.516115468000066],[-106.21121509999995,39.516020662000074],[-106.21036479499998,39.51539361600004],[-106.20870139199997,39.514251128000069],[-106.20826819599995,39.51393943000005],[-106.20806909699996,39.513796171000024],[-106.20766901099995,39.513474846000065],[-106.20721478299998,39.513042624000036],[-106.20696630399999,39.512766896000073],[-106.20685816199995,39.512626226000066],[-106.20652164099994,39.512188475000073],[-106.20549198699996,39.510559775000047],[-106.20436936799996,39.508783924000056],[-106.20377668499998,39.507905793000077],[-106.20348047499999,39.507540361000054],[-106.20316142799999,39.50721009800003],[-106.20299433499997,39.507067069000072],[-106.20279977099995,39.506900521000034],[-106.20241980899999,39.506625573000065],[-106.20238727199995,39.506602028000032],[-106.20191694799996,39.506330793000075],[-106.20154256299998,39.506147313000042],[-106.20147978899996,39.50612165900003],[-106.20116122099995,39.505991469000037],[-106.20034742799999,39.505724333000046],[-106.19880711699994,39.505358053000066],[-106.19810768599996,39.505208846000073],[-106.19724406399996,39.505048327000054],[-106.19679950999995,39.504982334000033],[-106.19676716499998,39.504978962000052],[-106.19606771199994,39.504906026000072],[-106.19561557099996,39.504871094000066],[-106.19531546099995,39.504859041000032],[-106.19501069699999,39.504846800000053],[-106.19423028899996,39.504853522000076],[-106.19379606899997,39.504857261000041],[-106.19082986099994,39.50488275400005],[-106.18963141699999,39.504859632000034],[-106.18917715599997,39.504829635000078],[-106.18915968099998,39.504829498000049],[-106.18888037599999,39.504827317000036],[-106.18870653299996,39.50479437100006],[-106.18827628099996,39.504766622000034],[-106.18707604799994,39.504620982000063],[-106.18704987599995,39.504616246000069],[-106.18663206399998,39.504540645000077],[-106.18649390699994,39.504532955000059],[-106.18633715299995,39.504491101000042],[-106.18562099299999,39.504362451000077],[-106.18328336399998,39.503877628000055],[-106.18261505299995,39.50373901200004],[-106.18204034499996,39.503608574000054],[-106.18111763199994,39.50337958800003],[-106.17908455199995,39.502805101000035],[-106.17765024599998,39.502399783000044],[-106.17726694599997,39.502308529000061],[-106.17619408899998,39.502053098000033],[-106.17461312699999,39.501777296000057],[-106.17337033899997,39.501643794000074],[-106.17238968299995,39.501581754000028],[-106.16961714399997,39.501497989000029],[-106.16497546699998,39.501357604000077],[-106.16484247999995,39.50135683600007],[-106.16432903199996,39.501353871000049],[-106.16367942899996,39.501392201000044],[-106.16302778699998,39.501486624000052],[-106.16236374599998,39.501643195000042],[-106.16186828099995,39.501796584000033],[-106.16163505199995,39.501879855000027],[-106.16007091599994,39.50243828300006],[-106.15963209399996,39.50258255600005],[-106.15887014199996,39.50278776600004],[-106.15823521999994,39.502906160000066],[-106.15759515899998,39.502971822000063],[-106.15695898499996,39.502996455000073],[-106.15042033899999,39.503050031000043],[-106.14991335599996,39.50306517100006],[-106.14967272399997,39.503080931000056],[-106.14923195599994,39.503109799000072],[-106.14856231599998,39.503192723000041],[-106.14824288999995,39.503261457000065],[-106.14777515999998,39.503391101000034],[-106.14739892799997,39.503526263000026],[-106.14703816999997,39.503655863000063],[-106.14634064899997,39.503978155000027],[-106.14616479599994,39.504084472000045]]},"properties":{"OBJECTID":117,"RID":"070A","tmc":"116+04721","intersection":"CO-91/EXIT 195","TMC_Along_I70Even_Statistics2_MIN_MEAS":190.40762856400841,"TMC_Along_I70Even_Statistics2_MAX_MEAS":195.06594608288913,"Shape_Length":0.081061506653152371}},{"type":"Feature","id":118,"geometry":{"type":"LineString","coordinates":[[-105.53283609899995,39.743683529000066],[-105.53252679999997,39.743594345000076],[-105.53227423199996,39.74353512700003],[-105.53175669099994,39.743413781000072],[-105.53111088099996,39.743303061000063],[-105.53093159799994,39.743272323000042],[-105.52818096999994,39.742901232000065],[-105.52775532299995,39.742823624000039],[-105.52721622099995,39.742725330000042],[-105.52720812199999,39.742723368000043],[-105.52691220499997,39.74265172500003],[-105.52674235699999,39.742610605000039],[-105.52612808399999,39.742438457000048],[-105.52396345299996,39.74177727700004],[-105.52327857699999,39.741568071000074],[-105.52282762499999,39.741430320000063],[-105.52223418399996,39.741249038000035]]},"properties":{"OBJECTID":118,"RID":"070A","tmc":"116+04738","intersection":"CO-103/EXIT 240","TMC_Along_I70Even_Statistics2_MIN_MEAS":238.97925402643125,"TMC_Along_I70Even_Statistics2_MAX_MEAS":239.54183019197055,"Shape_Length":0.010903227219989665}},{"type":"Feature","id":119,"geometry":{"type":"LineString","coordinates":[[-105.90351039399997,39.679212535000033],[-105.90347679299998,39.679217756000071],[-105.90346055399999,39.679220279000049],[-105.90326313099996,39.679250957000079],[-105.90316190999994,39.679266685000073],[-105.90257731399998,39.679437181000026],[-105.90180018499996,39.679738342000064],[-105.90085200899995,39.680216617000042],[-105.89919496599998,39.681052420000071],[-105.89884769999998,39.681213906000039],[-105.89879694599995,39.681232487000045],[-105.89858087999994,39.681311588000028],[-105.89821465599999,39.681445661000055],[-105.89763056199996,39.68159938000008],[-105.89705440199998,39.681696296000041],[-105.89658080699996,39.681729139000026],[-105.89639425099995,39.681742074000056],[-105.89600809499996,39.681739623000055],[-105.89314685099998,39.681721415000027],[-105.89289724099996,39.681719823000037],[-105.89227798399997,39.68172744900005],[-105.89185659999998,39.681749775000071],[-105.89122876799996,39.681814155000041],[-105.89114078099999,39.681829384000025],[-105.89070348599995,39.681905079000046],[-105.89016734399996,39.682037942000079],[-105.88969760999998,39.682194526000046],[-105.88907149199997,39.682453448000047],[-105.88832357399997,39.682826542000043],[-105.88785397399994,39.683149823000065],[-105.88768016899996,39.683287557000028],[-105.88752186499994,39.68341300600008],[-105.88715666799999,39.68374798800005],[-105.88701127999997,39.683901095000067],[-105.88586172799995,39.685111641000049]]},"properties":{"OBJECTID":119,"RID":"070A_DEC","tmc":"116-10750","intersection":"EISENHOWER MEMORIAL TUNNEL (EAST)","TMC_Along_I70Even_Statistics2_MIN_MEAS":215.33689538198823,"TMC_Along_I70Even_Statistics2_MAX_MEAS":216.34692460332445,"Shape_Length":0.019253413909307321}},{"type":"Feature","id":120,"geometry":{"type":"LineString","coordinates":[[-106.30459318799996,39.643222724000054],[-106.30406598799999,39.642991710000047],[-106.30380211699998,39.642876081000054],[-106.30371978799997,39.642833397000061],[-106.30346752099996,39.642702602000043],[-106.30315582899999,39.642519342000071],[-106.30243985599998,39.642043507000039],[-106.30063135299997,39.640688857000043],[-106.30022393399997,39.640407335000077],[-106.29989269999999,39.640206248000027],[-106.29927913899996,39.639877076000062],[-106.29766928799995,39.639137379000033],[-106.29708296299998,39.638822880000077],[-106.29700114399998,39.638772096000025],[-106.29674068599996,39.638610433000053],[-106.29656791199994,39.638487616000077],[-106.29631477799995,39.638307673000043],[-106.29581937999995,39.637908432000074],[-106.29454083899998,39.636713263000047],[-106.29408878199996,39.636338238000064],[-106.29385466699995,39.636144014000024],[-106.29379249699997,39.636100240000076],[-106.29154017199994,39.634514376000027],[-106.29126550499996,39.634320976000026],[-106.29090501299999,39.634067138000034],[-106.28988912699998,39.633336693000047],[-106.28867191999996,39.632461463000027],[-106.28853400999998,39.632362297000043],[-106.28791311199996,39.631964322000044],[-106.28750092499996,39.631732405000037],[-106.28706278799996,39.631518633000042],[-106.28661413299994,39.631330557000069],[-106.28616343999994,39.631163162000064],[-106.28573641899999,39.631031424000071],[-106.28527303799996,39.630888464000066],[-106.28286205699999,39.630202896000071],[-106.28176808299997,39.629891800000053],[-106.28156694199998,39.629834600000038],[-106.28100903599994,39.629651424000031],[-106.28060903699998,39.629492902000038],[-106.28022509699997,39.629310609000072],[-106.27963587399995,39.628972180000062],[-106.27931681199999,39.628744956000048],[-106.27883488199996,39.628329072000042],[-106.27857787399995,39.628058980000048],[-106.27853386999999,39.628005786000074],[-106.27834564899996,39.627778254000077],[-106.27815095399995,39.62748700800006],[-106.27803955899998,39.627285116000053],[-106.27798366599995,39.627183817000059],[-106.27783654399997,39.62686109100008],[-106.27772177199995,39.626522715000078],[-106.27761169999997,39.625992895000024],[-106.27760175499998,39.625945025000078],[-106.27757940899994,39.625602480000055],[-106.27760335099998,39.62515202600008],[-106.27760882099994,39.62511115600006],[-106.27763807299999,39.624892565000039],[-106.27764774699995,39.624820277000026],[-106.27774582699999,39.624380706000068],[-106.27849004799998,39.621660699000074],[-106.27858714899997,39.621305792000044],[-106.27916542099996,39.618668524000043],[-106.27927588399996,39.618125496000062],[-106.27938644799997,39.617581963000077],[-106.27946215099996,39.617033874000072],[-106.27949462999999,39.616464300000075],[-106.27949977599997,39.61637408200005],[-106.27948029699996,39.616046866000033],[-106.27944433999994,39.615773108000042],[-106.27943673699997,39.615715228000056],[-106.27930774399999,39.615138887000057],[-106.27916040499997,39.614694669000073],[-106.27898742599996,39.614264665000064],[-106.27816001299999,39.612521027000071],[-106.27795352499999,39.612025257000028],[-106.27786090999996,39.611802887000067],[-106.27764433699997,39.611178571000039],[-106.27740071899996,39.610357510000028],[-106.27736174799998,39.61022616300005],[-106.27730465799999,39.610033749000024],[-106.27718636699996,39.609635065000077],[-106.27709742899998,39.609335306000048],[-106.27690440499998,39.608794016000047],[-106.27659280099999,39.608033646000081],[-106.27645510099995,39.607740687000046],[-106.27590637899999,39.606573246000039],[-106.27549547499996,39.605698991000054],[-106.27505172399998,39.604784455000072],[-106.27473588799995,39.604133517000037],[-106.27432707999998,39.603414427000075],[-106.27423905599994,39.603279237000038],[-106.27388002599997,39.602727810000033],[-106.27286488199996,39.601369297000076],[-106.27235525199995,39.600687264000044],[-106.27201849199997,39.600236572000028],[-106.27180081099999,39.599960070000066],[-106.27166764999998,39.599790922000068],[-106.27147831899998,39.599570200000073],[-106.27136328199998,39.59943609100003],[-106.27046653299999,39.598556430000031],[-106.26975761299997,39.598046186000033],[-106.26974544999996,39.598038271000064],[-106.26941894499998,39.597825731000057],[-106.26929919199995,39.597747777000052],[-106.26916038199994,39.597668826000074],[-106.26871880599998,39.597417671000073],[-106.26802985399996,39.597076406000042],[-106.26618900299997,39.596243644000026],[-106.26543616799995,39.595903064000026],[-106.26444159699997,39.595471619000079],[-106.26385229399995,39.595265777000066],[-106.26363123699997,39.595188559000064],[-106.26290002299999,39.595007469000052],[-106.26252324399996,39.594940070000064],[-106.26198990999995,39.594876309000028],[-106.26185575799997,39.594867633000035],[-106.26157485799996,39.594849467000074],[-106.26090091699996,39.594842738000068],[-106.25525874299996,39.595060244000081],[-106.25419612899998,39.595093269000074],[-106.25381048399998,39.595092734000048],[-106.25316346099999,39.595058547000065],[-106.25264751599997,39.594999071000075],[-106.25251706399996,39.594969936000041],[-106.25238086799999,39.594963542000073],[-106.25230567599999,39.594948761000069],[-106.25199684199998,39.594888056000059],[-106.25161922299998,39.594792598000026],[-106.25137373799998,39.594716216000052],[-106.25127718799996,39.594679726000038],[-106.25082063899998,39.594544603000031],[-106.25044818899994,39.594412324000075],[-106.24978100699997,39.594167792000064],[-106.24922461699998,39.593969547000029],[-106.24835687399997,39.59365037200007],[-106.24803889799995,39.593528329000037],[-106.24767553199996,39.593373759000031],[-106.24746247299998,39.593272048000074],[-106.24715430899994,39.593102027000043],[-106.24688033599995,39.592934938000042],[-106.24650628299997,39.592659972000035],[-106.24627460399995,39.592485760000045],[-106.24603490999999,39.592292881000049],[-106.24575974299995,39.592025370000044],[-106.24558693099999,39.591830716000061],[-106.24542191399996,39.591613791000043],[-106.24515891299995,39.591172224000047],[-106.24503016299997,39.590892973000052],[-106.24495143899998,39.590667242000052],[-106.24489451799997,39.590504021000072],[-106.24477885799996,39.590002292000065],[-106.24474226099994,39.589633841000079],[-106.24474237299995,39.589267576000054],[-106.24477007499996,39.588997378000045],[-106.24483174699998,39.588628597000024],[-106.24494642399998,39.58823811700006],[-106.24504634499999,39.587997870000038],[-106.24525315499994,39.587526981000053],[-106.24541303299998,39.587160549000032],[-106.24559780199996,39.586719297000059],[-106.24578008499998,39.586272140000062],[-106.24582813599994,39.586165497000025],[-106.24584570999997,39.586123478000047],[-106.24587981799999,39.586068431000058],[-106.24614888299999,39.585413318000064],[-106.24642739599994,39.584612056000026],[-106.24679481099997,39.583455033000064],[-106.24686764499995,39.583225671000037],[-106.24701969199998,39.582840462000036],[-106.24705204799994,39.582783874000029],[-106.24726879799999,39.582404790000055],[-106.24765641499994,39.581881680000038],[-106.24817344199994,39.581298791000052],[-106.24853068699997,39.580896030000076],[-106.24879187399995,39.580555356000048],[-106.24899954099999,39.580203794000056],[-106.24914921399994,39.579852109000058],[-106.24924422299995,39.579503524000074],[-106.24929111999995,39.579115665000074],[-106.24922454199998,39.57855014200004],[-106.24914162499999,39.578185270000063],[-106.24905042299997,39.577919484000063],[-106.24890860499994,39.577565656000047],[-106.24887513199997,39.577498063000064],[-106.24869690899999,39.577138180000077],[-106.24845026899999,39.576717378000069],[-106.24811221799996,39.576224256000046],[-106.24770737399996,39.57574085400006],[-106.24732345999996,39.575341198000046],[-106.24688491999996,39.574944156000072],[-106.24674449699995,39.574817020000069],[-106.24487299399999,39.573246636000079],[-106.24449058099998,39.57293455100006],[-106.24440423199997,39.572902256000077],[-106.24435849899999,39.572823222000068],[-106.24392892599997,39.572464149000041],[-106.24297241999994,39.571664608000049],[-106.24289032799999,39.571635245000039],[-106.24278144599998,39.571546357000045],[-106.24274081299995,39.571478908000074],[-106.24245773599995,39.571234924000066],[-106.24238885899996,39.57122122800007],[-106.24233183299998,39.571176695000077],[-106.24221835199995,39.571077172000059],[-106.24199944799994,39.57088518900008],[-106.24192945499999,39.570790959000078],[-106.24176237599994,39.570620493000035],[-106.24131412899999,39.570265024000037],[-106.24065537999996,39.569686644000058],[-106.24021707399999,39.569246812000074],[-106.23983409599998,39.568793639000035],[-106.23979546399994,39.568739193000056],[-106.23924910999995,39.567969176000076],[-106.23877561299997,39.567301825000072],[-106.23868502699997,39.567174148000049],[-106.23856051199999,39.567008313000031],[-106.23847155099998,39.566959777000079],[-106.23836149799996,39.566818205000061],[-106.23833480899998,39.566698743000075],[-106.23817640799996,39.566548966000028],[-106.23808773299999,39.566511075000051],[-106.23805014799996,39.566420214000061],[-106.23792160299996,39.56630309600007],[-106.23760212699995,39.566012018000038],[-106.23744428399999,39.56588387000005],[-106.23540027999996,39.56422432200003],[-106.23499049199995,39.563854184000036],[-106.23469633299999,39.563549284000032],[-106.23443536599996,39.563232296000081],[-106.23420638199997,39.56290664200003],[-106.23417606699996,39.562855023000054],[-106.23405783499999,39.56265372200005],[-106.23389033299998,39.562300328000049],[-106.23383690399999,39.562235963000035],[-106.23364386599997,39.561680900000056],[-106.23334991199994,39.560679665000066],[-106.23320397399999,39.560319075000052],[-106.23296521299994,39.559883857000045],[-106.23276460999995,39.559613784000078],[-106.23259094099996,39.55941993600004],[-106.23258806799998,39.559417430000053],[-106.23224699099995,39.559119695000049],[-106.23177990099998,39.558811399000035],[-106.23113329099999,39.558462852000048],[-106.22990992199999,39.557867444000067],[-106.22977469999995,39.557789571000058],[-106.22954707099996,39.557658479000054],[-106.22937926499998,39.557561839000073],[-106.22925227299999,39.557475203000024],[-106.22897048199997,39.557282960000066],[-106.22886639599994,39.557211950000067],[-106.22863058699994,39.557018881000033],[-106.22839940099999,39.556829598000036],[-106.22807783499997,39.556508420000057],[-106.22771288499996,39.55609196000006],[-106.22647738399996,39.554444052000065],[-106.22577668999998,39.553632370000059],[-106.22249819399997,39.550340009000024],[-106.22187071899998,39.549709833000065],[-106.22058666799995,39.548420208000039],[-106.22049112399998,39.548314663000042],[-106.22020419499995,39.547997695000049],[-106.21993627099994,39.547646791000034],[-106.21957225599999,39.547060814000076],[-106.21905750599996,39.546177959000033],[-106.21807237099995,39.544488271000034],[-106.21802977199997,39.544386109000072],[-106.21797321199995,39.544319036000047],[-106.21779115899994,39.543972289000067],[-106.21777022299995,39.543939644000034],[-106.21762215599995,39.543708766000066],[-106.21687601299999,39.542417473000057],[-106.21669092599996,39.542064295000046],[-106.21633727699998,39.541461371000025],[-106.21574538299996,39.540452239000047],[-106.21542204399998,39.539862148000054],[-106.21520486899999,39.539413626000055],[-106.21505657399996,39.539044882000042],[-106.21498754599997,39.538816788000076],[-106.21491988299999,39.538593201000026],[-106.21481941299999,39.538155728000049],[-106.21475259299996,39.537703348000036],[-106.21472829299995,39.537243357000079],[-106.21474983699994,39.536699009000074],[-106.21478307699999,39.536425197000028],[-106.21480669799996,39.536230618000047],[-106.21549335699996,39.532858647000069]]},"properties":{"OBJECTID":120,"RID":"070A_DEC","tmc":"116-04719","intersection":"BIG HORN RD/EXIT 180","TMC_Along_I70Even_Statistics2_MIN_MEAS":180.04628103562851,"TMC_Along_I70Even_Statistics2_MAX_MEAS":189.88139045873768,"Shape_Length":0.16351663121020044}},{"type":"Feature","id":121,"geometry":{"type":"LineString","coordinates":[[-105.55522817899998,39.753631771000073],[-105.55460720399998,39.752993454000034],[-105.55454220799999,39.752926642000034],[-105.55424676199999,39.752659729000072],[-105.55399856799994,39.752435501000036],[-105.55395536899994,39.75240300300004],[-105.55368991999995,39.752203304000034],[-105.55334492899999,39.751995068000042],[-105.55296008799996,39.751809907000052],[-105.55256109799996,39.751656489000027],[-105.55166332799996,39.751369913000076],[-105.55116778399997,39.751211727000054],[-105.55098690999995,39.751137534000065]]},"properties":{"OBJECTID":121,"RID":"070A","tmc":"116P04736","intersection":"CR-275/EXIT 238","TMC_Along_I70Even_Statistics2_MIN_MEAS":237.60926334077175,"TMC_Along_I70Even_Statistics2_MAX_MEAS":237.76402736540672,"Shape_Length":0.0050182094336915202}},{"type":"Feature","id":122,"geometry":{"type":"LineString","coordinates":[[-105.51709781399995,39.740910705000033],[-105.51702423399996,39.740916196000057],[-105.51656049299999,39.740950801000054],[-105.51592029299997,39.74102890000006],[-105.51584920699997,39.741037572000039],[-105.51549692399999,39.741097999000033],[-105.51451223399994,39.741308557000025],[-105.51443737399995,39.741324564000024],[-105.51384550199998,39.741406382000037],[-105.51382974399996,39.74140701500005],[-105.51286782099999,39.741445643000077],[-105.51233995899997,39.741452213000059],[-105.51204553199995,39.741455875000042],[-105.51068686999997,39.741472772000066],[-105.51009396999996,39.741435462000027],[-105.50937894399999,39.741320804000054],[-105.50870907099994,39.741142260000061],[-105.50763324599995,39.740804466000043],[-105.50718266899997,39.740662986000075],[-105.50665459199996,39.740535753000074],[-105.50623653099996,39.740466261000051],[-105.50580605599998,39.74042264600007],[-105.50212529199996,39.740291370000079],[-105.50161286099996,39.74027308400008],[-105.50071876499999,39.74026531700008],[-105.50061290399998,39.740270216000056],[-105.50037408399999,39.740281262000053],[-105.50011455099997,39.740293267000027],[-105.49952344599996,39.740350306000039],[-105.49893996199995,39.740433852000081],[-105.49836118199994,39.740545318000045],[-105.49765411799996,39.740713920000076],[-105.49724483399996,39.74083582600008],[-105.49713425999994,39.740868761000058],[-105.49693588199995,39.740938241000038]]},"properties":{"OBJECTID":122,"RID":"070A_DEC","tmc":"116-04738","intersection":"CO-103/EXIT 240","TMC_Along_I70Even_Statistics2_MIN_MEAS":239.80921521305896,"TMC_Along_I70Even_Statistics2_MAX_MEAS":240.94558544555974,"Shape_Length":0.020411489431422802}},{"type":"Feature","id":123,"geometry":{"type":"LineString","coordinates":[[-106.59232727799997,39.650649184000031],[-106.59201278099994,39.650555983000061],[-106.59191551099997,39.650529170000027],[-106.59151791299996,39.650419568000075],[-106.58817362399998,39.649497607000058],[-106.58756529599998,39.649329889000057],[-106.58735095399999,39.649270794000074],[-106.58651449999996,39.64904017200007],[-106.58574064199996,39.648789407000038],[-106.58499383599997,39.64848365000006],[-106.58428686399998,39.648120196000036],[-106.58387679999998,39.647861981000062],[-106.58384659699999,39.647842962000027],[-106.58367868299996,39.647717292000038],[-106.58340379899994,39.64751156300008]]},"properties":{"OBJECTID":123,"RID":"070A","tmc":"116P04714","intersection":"BEARD CREEK RD/EXIT 163","TMC_Along_I70Even_Statistics2_MIN_MEAS":162.51404700132878,"TMC_Along_I70Even_Statistics2_MAX_MEAS":163.03602418654887,"Shape_Length":0.0095201511901118439}},{"type":"Feature","id":124,"geometry":{"type":"LineString","coordinates":[[-105.85353043499998,39.701734629000043],[-105.85340327499995,39.701738409000029],[-105.85158938799998,39.701792309000041],[-105.84948976999999,39.701854665000042],[-105.84713674799997,39.701924501000065],[-105.84539847499997,39.701976062000028],[-105.84538101699997,39.701976124000055],[-105.84474930399995,39.701978341000029],[-105.84467890599996,39.701978588000031],[-105.84422608499995,39.701958411000078],[-105.84376288099998,39.701912483000058],[-105.84330823599998,39.701841374000026],[-105.84316980899996,39.701813549000065],[-105.84300068199997,39.701779553000051],[-105.84254193099997,39.701663092000047],[-105.84152433799994,39.701356166000039],[-105.84013878099995,39.700909427000056],[-105.83703539599998,39.69990873200004],[-105.83570338199996,39.699479186000076],[-105.83495453399996,39.699218802000075],[-105.83406581699995,39.69887291200007],[-105.83394341499996,39.698820037000075],[-105.83343095499998,39.698598666000066],[-105.83278590399999,39.698292217000073],[-105.83074671499998,39.697275380000065],[-105.82859268399994,39.696201207000058],[-105.82690648799996,39.695360282000024],[-105.82486894299996,39.694344074000071],[-105.82412670899998,39.694016989000033],[-105.82385537699997,39.693920401000071],[-105.82346873199998,39.693782765000037],[-105.82263587599999,39.693560361000038],[-105.82221318499995,39.693481063000036],[-105.82192676599999,39.693427330000077],[-105.81960763799998,39.693106723000028],[-105.81748296899997,39.692812956000068],[-105.81579579499999,39.692579651000074],[-105.81567012099998,39.69257895800007],[-105.81552110499996,39.692542245000027],[-105.81528710499998,39.692508368000063],[-105.81474627599994,39.692430068000078],[-105.81355760299999,39.692232945000057],[-105.81343382399996,39.692209806000051],[-105.81144639199994,39.691838247000078],[-105.81117366899997,39.691787258000033],[-105.81083531899998,39.691738423000061],[-105.81063489099995,39.691709496000044],[-105.81022327399995,39.691672158000074],[-105.80980116799998,39.691662975000042],[-105.80969028799996,39.691667332000065]]},"properties":{"OBJECTID":124,"RID":"070A","tmc":"116+04729","intersection":"CR-321/STEVENS GULCH RD/EXIT 22","TMC_Along_I70Even_Statistics2_MIN_MEAS":218.54990594929976,"TMC_Along_I70Even_Statistics2_MAX_MEAS":221.05994824909317,"Shape_Length":0.045664395299302059}},{"type":"Feature","id":125,"geometry":{"type":"LineString","coordinates":[[-105.52258198899995,39.741433565000079],[-105.52252065899995,39.741414611000039],[-105.52188839299998,39.741235779000078],[-105.52179920499998,39.741216708000024],[-105.52096790399997,39.74103896500003],[-105.52014283199998,39.740915628000039],[-105.51990403699995,39.740879931000052],[-105.51941714199995,39.74084702600004],[-105.51867784199999,39.740830248000066],[-105.51817609699998,39.740852455000038],[-105.51744453699996,39.740884830000027],[-105.51720029599994,39.740903058000072],[-105.51709781399995,39.740910705000033]]},"properties":{"OBJECTID":125,"RID":"070A_DEC","tmc":"116N04738","intersection":"CO-103/EXIT 240","TMC_Along_I70Even_Statistics2_MIN_MEAS":239.52074404263274,"TMC_Along_I70Even_Statistics2_MAX_MEAS":239.80921521305896,"Shape_Length":0.0055479403513297781}},{"type":"Feature","id":126,"geometry":{"type":"LineString","coordinates":[[-105.20280279499997,39.700870511000062],[-105.20259652499999,39.701121605000026],[-105.20227087099994,39.701542609000057],[-105.20217603499998,39.701665213000069],[-105.20202587199998,39.701859340000055],[-105.20174809499997,39.70221844200006],[-105.20027684599995,39.704120347000071],[-105.19997847199994,39.704506046000063],[-105.19977269399999,39.704772045000027],[-105.19959880899995,39.704996815000072]]},"properties":{"OBJECTID":126,"RID":"070A","tmc":"116+04240","intersection":"CO-470/EXIT 260","TMC_Along_I70Even_Statistics2_MIN_MEAS":258.90288132996119,"TMC_Along_I70Even_Statistics2_MAX_MEAS":259.2358765342367,"Shape_Length":0.005224296804306707}},{"type":"Feature","id":127,"geometry":{"type":"LineString","coordinates":[[-106.06916396199995,39.627637051000079],[-106.06866002799995,39.627920209000024],[-106.06818792799999,39.628145830000051],[-106.06721349399999,39.628572983000026],[-106.06709634299995,39.628619554000068],[-106.06320836799995,39.630165013000067],[-106.06275834999997,39.630342020000057],[-106.06254578699998,39.630425627000079],[-106.06246844499998,39.630456047000052]]},"properties":{"OBJECTID":127,"RID":"070A","tmc":"116P04725","intersection":"US-6/CO-9/EXIT 205","TMC_Along_I70Even_Statistics2_MIN_MEAS":205.37343256557205,"TMC_Along_I70Even_Statistics2_MAX_MEAS":205.74049664295848,"Shape_Length":0.0072702701609682271}},{"type":"Feature","id":128,"geometry":{"type":"LineString","coordinates":[[-106.37335805999999,39.64333868600005],[-106.37182307399996,39.642995910000025],[-106.36911626499995,39.642391388000078],[-106.36693501399998,39.64190418700008],[-106.36554039399999,39.641666512000029],[-106.36441637199994,39.641534314000069],[-106.36329174599996,39.641448762000039],[-106.36190586599997,39.641411467000069],[-106.36108623599995,39.641418329000032],[-106.36026758999998,39.64145966600006],[-106.35948848199996,39.641525308000041],[-106.35915696099994,39.641553238000029],[-106.35831352599996,39.641654497000047],[-106.35688883799997,39.641884559000061],[-106.35516330199994,39.642163177000043],[-106.35335859499997,39.642454550000025],[-106.35299448499995,39.642513332000078],[-106.35272436499997,39.642556939000031],[-106.34363616799999,39.644023725000068],[-106.34278636099998,39.64416084000004],[-106.34194110999999,39.644308831000046],[-106.34182196799998,39.644332987000041],[-106.34109588499996,39.644480196000075],[-106.33748993999995,39.645283224000025],[-106.33722650199996,39.645356306000053],[-106.33641081899998,39.645541662000028],[-106.33072254099994,39.646820818000037],[-106.32987968599997,39.646979822000048],[-106.32902370099998,39.647115155000051],[-106.32819891499997,39.647216567000044],[-106.32815482899997,39.64722198700008],[-106.32727601899995,39.647296724000057],[-106.32608065899996,39.647345298000062],[-106.32580508899997,39.647356495000054],[-106.32434526699996,39.647344289000046],[-106.32352584299997,39.647316052000065],[-106.32264619799997,39.647285733000047],[-106.32144145899997,39.647244199000056],[-106.31763600699998,39.647112918000062],[-106.31529786599998,39.647032196000055],[-106.31479869799995,39.647002861000033],[-106.31443924499996,39.646981736000043],[-106.31388777999996,39.64692287500003],[-106.31335783099996,39.646834879000039],[-106.31284537999994,39.646717748000071],[-106.31234903499995,39.646572524000078],[-106.31186614599994,39.646402341000055],[-106.31152785299997,39.646263445000045],[-106.31096998099997,39.646034391000057],[-106.31093929899998,39.646021793000045]]},"properties":{"OBJECTID":128,"RID":"070A_DEC","tmc":"116-04718","intersection":"VAIL RD/EXIT 176","TMC_Along_I70Even_Statistics2_MIN_MEAS":176.28958607921081,"TMC_Along_I70Even_Statistics2_MAX_MEAS":179.66487648696057,"Shape_Length":0.063303783632390573}},{"type":"Feature","id":129,"geometry":{"type":"LineString","coordinates":[[-106.07039844899998,39.627179506000061],[-106.07013029499996,39.627347167000039],[-106.06998676699999,39.627436905000025],[-106.06986532799999,39.627512833000026],[-106.06976045299996,39.62757840300003],[-106.06954622699999,39.627712344000031],[-106.06880536799997,39.628115320000063],[-106.06790034999995,39.628518384000074],[-106.06721423799996,39.628794639000034],[-106.06420939399999,39.630004435000046],[-106.06306705699996,39.630477056000075]]},"properties":{"OBJECTID":129,"RID":"070A_DEC","tmc":"116N04725","intersection":"US-6/CO-9/EXIT 205","TMC_Along_I70Even_Statistics2_MIN_MEAS":205.25037795419496,"TMC_Along_I70Even_Statistics2_MAX_MEAS":205.71033532426489,"Shape_Length":0.0080542940533899245}},{"type":"Feature","id":130,"geometry":{"type":"LineString","coordinates":[[-105.20632263699997,39.697843878000072],[-105.20507952799994,39.699051775000044],[-105.20473318899997,39.699388292000037],[-105.20339005399995,39.700763636000033],[-105.20337690199995,39.700778003000039],[-105.20291749199998,39.701279832000068],[-105.20257015099997,39.701691939000057],[-105.20247145799999,39.701809035000053],[-105.20232646899996,39.70199671000006]]},"properties":{"OBJECTID":130,"RID":"070A_DEC","tmc":"116N04239","intersection":"US-40/CO-26/EXIT 259","TMC_Along_I70Even_Statistics2_MIN_MEAS":258.61474306010649,"TMC_Along_I70Even_Statistics2_MAX_MEAS":258.99997648696058,"Shape_Length":0.00576768904518712}},{"type":"Feature","id":131,"geometry":{"type":"LineString","coordinates":[[-106.38233846399999,39.64533728300006],[-106.38202210999998,39.645270551000067],[-106.38182013099998,39.645227946000034],[-106.38173583999998,39.645209130000069],[-106.37873101799994,39.644538348000026],[-106.37786401099999,39.644344785000044],[-106.37732629299995,39.644224734000034],[-106.37477963899994,39.643656124000074],[-106.37402722399997,39.643488115000025],[-106.37335805999999,39.64333868600005]]},"properties":{"OBJECTID":131,"RID":"070A_DEC","tmc":"116N04718","intersection":"VAIL RD/EXIT 176","TMC_Along_I70Even_Statistics2_MIN_MEAS":175.84646706760941,"TMC_Along_I70Even_Statistics2_MAX_MEAS":176.28958607921081,"Shape_Length":0.0092001457621765301}},{"type":"Feature","id":132,"geometry":{"type":"LineString","coordinates":[[-105.63878826399997,39.763420573000076],[-105.63867126299999,39.763442116000078],[-105.63806176299994,39.763550366000061],[-105.63693554699995,39.763750378000054],[-105.63599702699997,39.763917047000064],[-105.63530811399994,39.764039382000078]]},"properties":{"OBJECTID":132,"RID":"070A_DEC","tmc":"116N04733","intersection":"CR-308/EXIT 233","TMC_Along_I70Even_Statistics2_MIN_MEAS":232.89592084498474,"TMC_Along_I70Even_Statistics2_MAX_MEAS":233.03888585874725,"Shape_Length":0.0035347397183022778}},{"type":"Feature","id":133,"geometry":{"type":"LineString","coordinates":[[-106.14455622899999,39.511571152000045],[-106.14458621999995,39.51166930100004],[-106.14468735199995,39.512000255000032],[-106.14481381599995,39.512414102000037],[-106.14566913899995,39.515212999000028],[-106.14591214099994,39.516008137000028],[-106.14596876499996,39.516223080000032],[-106.14615900899997,39.516945212000053],[-106.14619686599997,39.517088916000034],[-106.14628010199999,39.517750472000046],[-106.14627097699997,39.518292895000059],[-106.14625441999999,39.518476148000047],[-106.14617951099996,39.51884603600007],[-106.14602684399995,39.519381017000057],[-106.14589494999996,39.519723844000055],[-106.14577272199995,39.519975227000032],[-106.14557690399994,39.520311436000043],[-106.14534765899998,39.520641478000073],[-106.14496777799997,39.521100604000026],[-106.14469764999996,39.521373521000044],[-106.14461334799995,39.521450108000067],[-106.14439821499997,39.521645554000031],[-106.14421965599996,39.521787545000052],[-106.14414625799998,39.521845910000025],[-106.14378702699997,39.522097891000044],[-106.14187331199997,39.523343857000043],[-106.14033135599999,39.524347723000062],[-106.13966842999997,39.524845319000065],[-106.13899528299999,39.525471746000051],[-106.13873596699995,39.525803273000065],[-106.13854973399998,39.526086403000079],[-106.13836474399994,39.526445810000041],[-106.13824115699998,39.526795076000042],[-106.13823656399995,39.526811700000053],[-106.13815395699999,39.527110612000058],[-106.13805817999997,39.527655090000053],[-106.13804578299994,39.52802710800006],[-106.13810304599997,39.528517643000043],[-106.13819693799996,39.52898874400006],[-106.13840303999996,39.529544571000031],[-106.13859963599998,39.529895472000078],[-106.13885234199995,39.530288735000056],[-106.13938683099997,39.53097007100007],[-106.14044866899997,39.532270829000026],[-106.14097103099999,39.532866194000064],[-106.14155550299995,39.533641193000051],[-106.14186327099998,39.534018864000075],[-106.14200962399997,39.53419845600007]]},"properties":{"OBJECTID":133,"RID":"070A_DEC","tmc":"116-04721","intersection":"CO-91/EXIT 195","TMC_Along_I70Even_Statistics2_MIN_MEAS":195.61085900787816,"TMC_Along_I70Even_Statistics2_MAX_MEAS":197.59523800734044,"Shape_Length":0.027789400151625985}},{"type":"Feature","id":134,"geometry":{"type":"LineString","coordinates":[[-105.87770136999995,39.692820513000072],[-105.87633023399997,39.694067895000046],[-105.87563744999994,39.694629044000067],[-105.87536142699997,39.694796809000024],[-105.87475162899995,39.695229060000031],[-105.87466764899995,39.695317597000042],[-105.87465602799995,39.695329848000029],[-105.87389377099998,39.695817643000055],[-105.87309326299999,39.696274886000026],[-105.87295891199994,39.69635162600008],[-105.87289411099994,39.696388639000077],[-105.87147221999999,39.697161823000044],[-105.87045503899998,39.697714917000042],[-105.86864836399997,39.698697256000059],[-105.86861799699994,39.698713767000072],[-105.86582827399997,39.700230504000046],[-105.86488078299999,39.700721147000024],[-105.86420954899995,39.700999619000072],[-105.86417881599999,39.701009065000051],[-105.86369578499995,39.701157533000071],[-105.86351493899997,39.701213119000045],[-105.86307476699994,39.701311591000035],[-105.86241222399997,39.70141155500005],[-105.86232317199995,39.701424990000078],[-105.86186706099994,39.701457651000055],[-105.86108916999996,39.701490092000029]]},"properties":{"OBJECTID":134,"RID":"070A","tmc":"116+04728","intersection":"HERMON GULCH RD/EXIT 218","TMC_Along_I70Even_Statistics2_MIN_MEAS":217.04165939386809,"TMC_Along_I70Even_Statistics2_MAX_MEAS":218.14194918354136,"Shape_Length":0.019020911524065109}},{"type":"Feature","id":135,"geometry":{"type":"LineString","coordinates":[[-106.82473563699995,39.662183453000068],[-106.82447913599998,39.662354427000025],[-106.82392134999998,39.662726209000027],[-106.82386657999996,39.662761492000072],[-106.82348336399997,39.663008356000034],[-106.82313581799997,39.663232239000024],[-106.82244598999995,39.663610313000049],[-106.82229958299996,39.663690553000038],[-106.82171645999995,39.663969583000039],[-106.82111636099995,39.664225298000076],[-106.82017936399996,39.664552656000069],[-106.81953990999995,39.664759816000071],[-106.81763971699996,39.665375383000026],[-106.81641126499994,39.665853767000044],[-106.81613856199999,39.66597362400006],[-106.81283558799998,39.667425237000032],[-106.81274411899994,39.667464185000028],[-106.81135799699996,39.668054402000053],[-106.81078603399999,39.668320058000063],[-106.80775800999999,39.669632500000034],[-106.80614166299995,39.670333024000058],[-106.80587100799994,39.670473578000042],[-106.80583388899998,39.670489773000043],[-106.80324836299997,39.671617780000076],[-106.80266005399994,39.671871036000027],[-106.80176248599997,39.672229759000061],[-106.80115512199995,39.672448133000046],[-106.80053462499995,39.672646866000036],[-106.80007646399997,39.672780694000039],[-106.79960084799995,39.672919619000027],[-106.79866100799995,39.673153618000072],[-106.79771862299998,39.673349888000075],[-106.79770829599994,39.673351754000066],[-106.79677504599999,39.67352025100007],[-106.79169383199996,39.674376768000059],[-106.78959895599996,39.674729822000074],[-106.78812342099997,39.674978473000067],[-106.78748940599996,39.675085308000064],[-106.78650395099999,39.675257737000038],[-106.78299707699995,39.675871274000031],[-106.78234973599996,39.676003593000075],[-106.78201666799998,39.676071670000056],[-106.78138890699995,39.676258293000046],[-106.78079050099996,39.676491173000045],[-106.78023154299996,39.676768535000065],[-106.77971578599994,39.677084285000035],[-106.77924520599998,39.677436860000057],[-106.77902683699995,39.677624910000077],[-106.77861933799994,39.678017923000027],[-106.77783948799998,39.678824729000041],[-106.77741521699994,39.67920117500006],[-106.77718757399998,39.679375993000065],[-106.77683152599997,39.679608539000071],[-106.77669983099997,39.679694552000058],[-106.77644069199994,39.67983795300006],[-106.77589599799995,39.680088470000044],[-106.77532476499994,39.680291270000055],[-106.77505256399996,39.680363474000046],[-106.77473167799997,39.680448591000072],[-106.77458425999998,39.680476430000056],[-106.77442715599994,39.680506097000034],[-106.77381176599994,39.680583893000062],[-106.77319962999997,39.680613333000053],[-106.77260437099994,39.680596625000078],[-106.77202337899996,39.680538467000076],[-106.77167737799999,39.680486271000063],[-106.77123553999996,39.680419616000052],[-106.77010269799996,39.680275490000042],[-106.76951945899998,39.680230326000071],[-106.76893271299997,39.680218571000069],[-106.76835245099994,39.680237307000027],[-106.76777936199994,39.680288348000033],[-106.76721249399998,39.680373407000047],[-106.76689045299997,39.680439906000061],[-106.76665163399997,39.680489220000027],[-106.76610050599999,39.680634595000072],[-106.76529758499998,39.680902988000071],[-106.76493217299998,39.681037981000031],[-106.76264515599996,39.681882832000042],[-106.76050872599996,39.682671996000067],[-106.76004849699996,39.682839607000062],[-106.75761849899999,39.683724552000058],[-106.75755007999999,39.68374946800003],[-106.75725691899999,39.683856224000067],[-106.75644376799994,39.684186837000027],[-106.75592614399994,39.684444431000031],[-106.75543557599997,39.684730589000026],[-106.75497559199994,39.685041624000064],[-106.75465762699997,39.685294463000048],[-106.75455360799998,39.685377175000042],[-106.75416492799997,39.685733074000041],[-106.75353866699999,39.68636940500005],[-106.75152975299994,39.688410521000037],[-106.75074411299994,39.689208713000028],[-106.74939725799999,39.690577030000043],[-106.74630807199998,39.693715188000056],[-106.74593452199997,39.694073911000032],[-106.74554198899995,39.694420426000079],[-106.74535075999995,39.694570940000062],[-106.74490952199994,39.694918227000073],[-106.74446389599996,39.695231123000042],[-106.74400395299995,39.695529174000058],[-106.74353046299996,39.695811520000063],[-106.74304456699997,39.696076208000079],[-106.74293127299995,39.696133004000046],[-106.74272899999994,39.696234406000031],[-106.74258897599998,39.696304601000065],[-106.74205181299999,39.696573884000031],[-106.74054020599999,39.697293020000075],[-106.73963411399995,39.697733541000048],[-106.73727023999999,39.698882741000034],[-106.73710736499999,39.698961918000066],[-106.73640878399999,39.699325397000052],[-106.73572965699998,39.699707305000061],[-106.73528525799998,39.699976098000036],[-106.73464698799995,39.70040373300003],[-106.73438405499996,39.700589722000075],[-106.73400544599997,39.700857531000054],[-106.73313812199996,39.701471023000067],[-106.73301637899999,39.70155713500003],[-106.73036860099995,39.703429895000056],[-106.72906869299999,39.704332564000026],[-106.72885014499997,39.704484320000063],[-106.72859617699999,39.704660674000024],[-106.72855616199996,39.70468616900007],[-106.72835362499995,39.704815214000064],[-106.72783690899996,39.705101544000058],[-106.72778099999999,39.705127366000056],[-106.72701951299996,39.705479061000062],[-106.72644026199998,39.705687875000081],[-106.72569772999998,39.705893640000056],[-106.72554371199999,39.705936319000045],[-106.72461172899995,39.706150456000046],[-106.72455316299994,39.706163913000069],[-106.72288990699997,39.706546050000043],[-106.72204766499999,39.706753982000066],[-106.72203105599999,39.706758894000075],[-106.72193574099998,39.706787078000048],[-106.72150021499999,39.706915859000048],[-106.72070298999995,39.70720091000004],[-106.72018940299995,39.707419150000078],[-106.71944722299997,39.707794009000054],[-106.71824897199997,39.708482214000071],[-106.71666784999996,39.709390278000058],[-106.71572905399995,39.709911539000075],[-106.71559516099995,39.70998588100008],[-106.71503523599995,39.710253124000076],[-106.71474531899997,39.710370118000071],[-106.71414523999994,39.710566828000026],[-106.71383687999997,39.710646216000043],[-106.71320098799998,39.710763205000035],[-106.71269701399996,39.710819382000068],[-106.71254955199998,39.710835819000067],[-106.70922873799998,39.711073740000074],[-106.70858390099994,39.711119928000073],[-106.70838718799996,39.711134018000052],[-106.70820445999999,39.711149075000037],[-106.70729342299995,39.711224148000042],[-106.70681706899995,39.711263399000075],[-106.70587773999995,39.711378681000042],[-106.70422212699998,39.711616244000027],[-106.70237709099996,39.711880957000062],[-106.70173782599994,39.711961335000069],[-106.70109982599996,39.712022213000068],[-106.70046122699995,39.712043291000043],[-106.69951462499995,39.712011638000035],[-106.69888859899999,39.711953320000077],[-106.69827192999998,39.711864772000069],[-106.69737238099998,39.711682290000056],[-106.69678994899999,39.711528866000037],[-106.69663156399997,39.711475055000051],[-106.69593273599997,39.711237622000056],[-106.69534670199994,39.710991431000025],[-106.69509258099998,39.710884673000066],[-106.69454528699998,39.710607208000056],[-106.69413219899997,39.710357186000067],[-106.69375194699995,39.710127036000074],[-106.69349709199997,39.70995275000007],[-106.69304614299995,39.709610485000042],[-106.69301100299998,39.709583814000041],[-106.69255907599995,39.709189038000034],[-106.69213727499999,39.708772000000067],[-106.69174745399994,39.708336688000031],[-106.69157109099996,39.708110179000073],[-106.69153858199996,39.708062906000066],[-106.69125137199995,39.707645270000057],[-106.69067711699995,39.706704248000051],[-106.68947303999994,39.704633415000046],[-106.68889604399999,39.703641017000052],[-106.68839687699995,39.702782456000079],[-106.68811195099994,39.702352314000052],[-106.68776197799997,39.70195472100005],[-106.68755730699996,39.701773065000054],[-106.68733415399998,39.701604200000077],[-106.68709454699996,39.701449087000071],[-106.68683840599999,39.701309701000071],[-106.68656819999995,39.701186484000061],[-106.68628572499995,39.701078925000047],[-106.68599085499994,39.700989544000038],[-106.68568528799995,39.700918881000064],[-106.68537166699997,39.700866078000047],[-106.68505279799996,39.700830029000031],[-106.68441038099996,39.700792819000071],[-106.68162524999997,39.700728018000063],[-106.68091202399995,39.700711412000032],[-106.68084777899998,39.70070991700004],[-106.67989572699997,39.700657551000063],[-106.67927065799995,39.700584875000061],[-106.67896146899994,39.70053504200007],[-106.67835034799998,39.700406924000049],[-106.67774869899995,39.700244016000056],[-106.67716635699998,39.700041040000031],[-106.67688325899996,39.699924735000025],[-106.67655875299994,39.699772506000045],[-106.67647054899999,39.699731127000064],[-106.67610488499997,39.699559587000067]]},"properties":{"OBJECTID":135,"RID":"070A_DEC","tmc":"116-04712","intersection":"EBY CREEK RD/EXIT 147","TMC_Along_I70Even_Statistics2_MIN_MEAS":146.87200373453325,"TMC_Along_I70Even_Statistics2_MAX_MEAS":156.40779567885079,"Shape_Length":0.16669152512097563}},{"type":"Feature","id":136,"geometry":{"type":"LineString","coordinates":[[-106.66807930599998,39.695581605000029],[-106.66763561499994,39.695357158000036],[-106.66748420799996,39.695280565000076],[-106.66726044099994,39.695167367000067],[-106.66715056399994,39.695105069000078],[-106.66700854899995,39.695024549000038],[-106.66629455599997,39.694547779000061],[-106.66585901199994,39.69419229600004],[-106.66545880899997,39.693814454000062],[-106.66527359799994,39.693617712000048],[-106.66506052599999,39.693362462000039],[-106.66493272499997,39.693209359000036],[-106.66477814299998,39.692997768000055],[-106.66450063199994,39.692559378000055],[-106.66431642799995,39.692217354000036],[-106.66413452399996,39.691879602000029],[-106.66369822499996,39.691028412000037],[-106.66248707899996,39.688665421000053],[-106.66119992699998,39.686153941000043],[-106.66113073199995,39.686018923000063],[-106.66104539699995,39.685852411000042],[-106.66077434899995,39.685409016000051],[-106.66044962499996,39.684988473000033],[-106.66031863999996,39.684845561000031],[-106.66026659699997,39.68478877900003],[-106.65986223499999,39.684416646000045],[-106.65940894699997,39.684087256000055],[-106.65891796699998,39.683797120000065],[-106.65866026999998,39.683668620000049],[-106.65811328399997,39.683455160000051],[-106.65753992699996,39.683279317000029],[-106.65694825799994,39.683140755000068],[-106.65634332599996,39.683040819000041],[-106.65453296099997,39.68278562200004],[-106.65398595999994,39.682708509000065],[-106.65313127299999,39.682588014000032],[-106.65265738099998,39.682521201000043],[-106.65205833599998,39.682405078000045],[-106.65179543799997,39.682329807000031],[-106.65147667799994,39.682238541000061],[-106.65091570099997,39.682025225000075],[-106.65038237199997,39.681763386000057],[-106.64988431599994,39.681455453000069],[-106.64985238299994,39.681431196000062],[-106.64983999399999,39.681421786000044],[-106.64942513199998,39.681106655000065],[-106.64901436899999,39.680718573000036],[-106.64866119499999,39.680294832000072],[-106.64837734299999,39.679837451000026],[-106.64814701699999,39.679362294000043],[-106.64805600699998,39.679119641000057],[-106.64793153399995,39.67862583200008],[-106.64787955499997,39.678126080000027],[-106.64781451499999,39.676632767000058],[-106.64774785799995,39.676137320000066],[-106.64761626299997,39.675643897000043],[-106.64752632999995,39.675400312000079],[-106.64730246199997,39.674922885000058],[-106.64700365599998,39.674391881000076],[-106.64582136699994,39.672290773000043],[-106.64556766899994,39.671801297000059],[-106.64543076099994,39.671507710000071],[-106.64536734099994,39.671371710000074],[-106.64533819999997,39.671309220000069],[-106.64513080799998,39.670811990000061],[-106.64487110199997,39.670099033000042],[-106.64485523399998,39.670055474000037],[-106.64452075899999,39.66901295200006],[-106.64426866799994,39.668227197000078],[-106.64378294199997,39.66671315800005],[-106.64370306899997,39.666516677000061],[-106.64360214899995,39.666268420000051],[-106.64347301099997,39.665950745000032],[-106.64333562399997,39.665682170000025],[-106.64309317899995,39.665208208000024],[-106.64306954499995,39.66516783700007],[-106.64280983999998,39.664724209000042],[-106.64250264299994,39.66425057400005],[-106.64206449799997,39.66365557000006],[-106.64199533599998,39.663561646000062],[-106.64142694199995,39.662894348000066],[-106.64080282899994,39.662252903000081],[-106.64037429699994,39.661870239000052],[-106.64012370899997,39.661646468000072],[-106.63939140299999,39.661075020000055],[-106.63862030199999,39.660536280000031],[-106.63846444999996,39.660441495000043],[-106.63781201699999,39.66004470200005],[-106.63697351699994,39.659600141000055],[-106.63662939899996,39.659429856000031],[-106.63532343999998,39.658783597000024],[-106.63525926399996,39.658751839000047],[-106.63418314599994,39.658231218000026],[-106.63342593399994,39.65786487400004],[-106.63116867999997,39.656772741000054],[-106.63105873199999,39.656719544000055],[-106.63048298999996,39.656482978000042],[-106.62987698899997,39.65629167000003],[-106.62924592799999,39.656147231000034],[-106.62892129299996,39.656096492000074],[-106.62857637399998,39.656068222000044],[-106.62825692399997,39.656042039000056],[-106.62822675899997,39.656041955000035],[-106.62791961999994,39.656041101000028],[-106.62724276099999,39.656083436000074],[-106.62678531299997,39.656145391000052],[-106.62656809799995,39.65617480700007],[-106.62558192999995,39.656340747000058],[-106.62423111399994,39.656568030000074],[-106.62357129899999,39.65665397500004],[-106.62290648699997,39.656700108000052],[-106.62257367899997,39.656707464000078],[-106.62191158299999,39.656692249000059],[-106.62158437199997,39.65666936000008],[-106.62094028999996,39.656594584000061],[-106.61999906099999,39.65642706400007],[-106.61912601599994,39.656222428000035],[-106.61390835599997,39.654999279000037],[-106.61276080099998,39.654730227000073],[-106.61251985799998,39.654673734000028],[-106.61186854299996,39.654546713000059],[-106.61133269699997,39.654477168000028],[-106.61120045299998,39.654460004000043],[-106.61086114699998,39.654434071000026],[-106.61017756299998,39.654415972000038],[-106.60949405699995,39.654439659000047],[-106.60915437699998,39.654469256000027],[-106.60848364499998,39.654566637000073],[-106.60691764599994,39.654888561000064],[-106.60652038799998,39.654970222000031],[-106.60586611499997,39.655061704000047],[-106.60553797099999,39.655090459000064],[-106.60495463299998,39.655108200000029],[-106.60488035799995,39.655110458000024],[-106.60422924299996,39.655084429000055],[-106.60359315999995,39.655011898000055],[-106.60297820899996,39.654896672000064],[-106.60260898299998,39.654797639000037],[-106.60238383099994,39.65473724800006],[-106.60151949999994,39.654429264000044],[-106.60102874099999,39.65423205500008],[-106.59964970699997,39.653677879000043],[-106.59786209799995,39.652959476000035],[-106.59546164999995,39.651994720000062],[-106.59474330699999,39.651705997000079],[-106.59439057199995,39.651572732000034],[-106.59336120599994,39.651183825000032],[-106.59225001099998,39.65083641700005]]},"properties":{"OBJECTID":136,"RID":"070A_DEC","tmc":"116-04713","intersection":"CO-131/EXIT 157","TMC_Along_I70Even_Statistics2_MIN_MEAS":156.769702257435,"TMC_Along_I70Even_Statistics2_MAX_MEAS":162.51357648696057,"Shape_Length":0.097695682200624759}},{"type":"Feature","id":137,"geometry":{"type":"LineString","coordinates":[[-106.67575114499999,39.699167684000031],[-106.67569383099999,39.699139334000051],[-106.67299696299995,39.697805243000062],[-106.67221478599998,39.697418292000066],[-106.67193237899994,39.697277192000058],[-106.67160717199994,39.697114706000036],[-106.66970074699998,39.696162143000038],[-106.66777074599997,39.695197744000041],[-106.66761877999994,39.695121806000031],[-106.66751502399995,39.695069958000033]]},"properties":{"OBJECTID":137,"RID":"070A","tmc":"116P04713","intersection":"CO-131/EXIT 157","TMC_Along_I70Even_Statistics2_MIN_MEAS":156.42225076185136,"TMC_Along_I70Even_Statistics2_MAX_MEAS":156.81592927663513,"Shape_Length":0.0091992053173621663}},{"type":"Feature","id":138,"geometry":{"type":"LineString","coordinates":[[-106.21549335699996,39.532858647000069],[-106.21552700799998,39.532693395000081],[-106.21554592099994,39.532600519000027],[-106.21579237899999,39.531390159000068],[-106.21586742299996,39.531021607000071],[-106.21606695999998,39.530041634000042],[-106.21610633399996,39.529703593000079],[-106.21613051599996,39.529687000000024],[-106.21614598099995,39.529625026000076],[-106.21626193499998,39.529001453000035],[-106.21633576699998,39.528439745000071],[-106.21634089599996,39.527949829000079],[-106.21625755799994,39.527303329000063],[-106.21612687499999,39.526840222000033],[-106.21590131199997,39.526297064000062],[-106.21572219799998,39.525958922000029],[-106.21567773299995,39.525874979000037],[-106.21539858099999,39.525402253000038],[-106.21527319799998,39.525189922000038]]},"properties":{"OBJECTID":138,"RID":"070A_DEC","tmc":"116N04720","intersection":"CR-16/SHRINE PASS RD/EXIT 190","TMC_Along_I70Even_Statistics2_MIN_MEAS":189.88139045873768,"TMC_Along_I70Even_Statistics2_MAX_MEAS":190.43427567624147,"Shape_Length":0.0079934913572423574}},{"type":"Feature","id":139,"geometry":{"type":"LineString","coordinates":[[-106.48489157799997,39.622716946000025],[-106.48357269399997,39.622035036000057],[-106.48306470299997,39.621802132000028],[-106.48292195999994,39.621745846000067],[-106.48253618999996,39.621593733000054],[-106.48226068399998,39.621505926000054],[-106.48169190999994,39.621362637000061],[-106.48081865999995,39.621210036000036],[-106.47992244499994,39.621114809000062],[-106.47937226599998,39.62107446400006],[-106.47930006099995,39.621069168000076]]},"properties":{"OBJECTID":139,"RID":"070A","tmc":"116P08161","intersection":"US-6","TMC_Along_I70Even_Statistics2_MIN_MEAS":168.87531384080538,"TMC_Along_I70Even_Statistics2_MAX_MEAS":169.18050261361094,"Shape_Length":0.0058991989219952775}},{"type":"Feature","id":140,"geometry":{"type":"LineString","coordinates":[[-105.39838853899994,39.716892354000038],[-105.39819231599995,39.716770630000042],[-105.39801770799994,39.716674256000033],[-105.39795898299997,39.716641843000048]]},"properties":{"OBJECTID":140,"RID":"070A","tmc":"116P04743","intersection":"JEFFERSON/CLEAR CREEK CO LINE","TMC_Along_I70Even_Statistics2_MIN_MEAS":247.21868939514636,"TMC_Along_I70Even_Statistics2_MAX_MEAS":247.2438543889067,"Shape_Length":0.00049742692018957409}},{"type":"Feature","id":141,"geometry":{"type":"LineString","coordinates":[[-106.44915006899998,39.608360899000047],[-106.44902163999996,39.608370809000064],[-106.44872088699998,39.608423827000024],[-106.44855671699997,39.608452768000063],[-106.44827884299997,39.608532357000058],[-106.44810775099995,39.608581360000073],[-106.44767836399996,39.608751809000069],[-106.44727104599997,39.608966156000065],[-106.44707912699994,39.609089405000077],[-106.44672003099998,39.609364120000066],[-106.44647096999995,39.609609072000069],[-106.44640109999995,39.609677788000056],[-106.44600152699996,39.61019820100006],[-106.44552662099994,39.610881606000078],[-106.44419015999995,39.612804728000071],[-106.44364743799997,39.613539114000048],[-106.44343437299995,39.613827418000028],[-106.44313333899998,39.614146690000041],[-106.44296410699997,39.614295628000036],[-106.44278083599994,39.614436457000068],[-106.44238482999998,39.614689087000045],[-106.44237437699996,39.614694200000031],[-106.44194457299994,39.614904444000047],[-106.44147052499994,39.615076184000031],[-106.44097496799998,39.615208901000074],[-106.43994593999997,39.615415419000044],[-106.43943350099994,39.61553372000003],[-106.43931089899996,39.615569660000062],[-106.43918332599998,39.61560705900007],[-106.43870218799998,39.615792469000041],[-106.43825403899996,39.616022772000065],[-106.43783824199994,39.616288815000075],[-106.43724733699997,39.616713877000052],[-106.43602446999995,39.617593511000052],[-106.43539480199996,39.618018558000074],[-106.43473383199995,39.618421995000062],[-106.43383109799998,39.618926839000039],[-106.43270223999997,39.619480520000025],[-106.43152600199994,39.619973710000068],[-106.43054872799996,39.620332810000036],[-106.42928177599998,39.620730545000072],[-106.42878483999999,39.620913357000063],[-106.42807341899999,39.621240980000039],[-106.42784732199999,39.621365018000063],[-106.42742153999995,39.621640304000039],[-106.42683908199996,39.62210157800007],[-106.42632195799996,39.622604267000042],[-106.42523791699995,39.623820816000034],[-106.42495726499999,39.624109591000035],[-106.42444938199998,39.624632166000026],[-106.42443455899996,39.624647418000052],[-106.42431175899998,39.624762358000055],[-106.42319647799997,39.625806236000074]]},"properties":{"OBJECTID":141,"RID":"070A_DEC","tmc":"116-04716","intersection":"US-6/EXIT 171","TMC_Along_I70Even_Statistics2_MIN_MEAS":171.08212417331956,"TMC_Along_I70Even_Statistics2_MAX_MEAS":173.13758043998777,"Shape_Length":0.03216557678572092}},{"type":"Feature","id":142,"geometry":{"type":"LineString","coordinates":[[-105.90365455899996,39.67886756200005],[-105.90340191499996,39.678930042000047],[-105.90338604299995,39.678933968000081],[-105.90325187599996,39.678967147000037]]},"properties":{"OBJECTID":142,"RID":"070A","tmc":"116P10750","intersection":"EISENHOWER MEMORIAL TUNNEL (EAST)","TMC_Along_I70Even_Statistics2_MIN_MEAS":215.32310273262783,"TMC_Along_I70Even_Statistics2_MAX_MEAS":215.34692868130372,"Shape_Length":0.00041481413998664804}},{"type":"Feature","id":143,"geometry":{"type":"LineString","coordinates":[[-105.89656800399996,39.681618921000052],[-105.89624691599994,39.681642090000025],[-105.89600914099998,39.681641339000066],[-105.89314780499996,39.681632249000074],[-105.89283095199994,39.68163123800008],[-105.89179382999998,39.681663751000031],[-105.89116037799994,39.681733091000069],[-105.89111519999994,39.681741158000079],[-105.89070692099995,39.681814065000026],[-105.89006390899999,39.681974999000033],[-105.88954028999996,39.682147229000066],[-105.88902929799997,39.682353740000053],[-105.88853875399997,39.682596686000068],[-105.88805350399997,39.682881932000043],[-105.88761198199995,39.683197072000041],[-105.88758959299997,39.683216228000049],[-105.88729139199995,39.683471378000036],[-105.88691206299995,39.683840685000064],[-105.88690986899996,39.683842821000042],[-105.88572959999999,39.685085850000064],[-105.88564175999994,39.68517835800003],[-105.88292785299996,39.688036351000051],[-105.88257339099994,39.688385718000063],[-105.88223020899994,39.688704158000064],[-105.88137498799995,39.689497707000044],[-105.88104239299997,39.689806310000051],[-105.88100242199994,39.689843397000061],[-105.88032394599998,39.690445410000052],[-105.87983988099995,39.690874915000052],[-105.87897123299996,39.69166522300003],[-105.87839445699996,39.692189969000026],[-105.87820219799994,39.692364883000039],[-105.87770136999995,39.692820513000072]]},"properties":{"OBJECTID":143,"RID":"070A","tmc":"116P04727","intersection":"US-6/EXIT 216","TMC_Along_I70Even_Statistics2_MIN_MEAS":215.72697648696044,"TMC_Along_I70Even_Statistics2_MAX_MEAS":217.04165939386809,"Shape_Length":0.023114757218881832}},{"type":"Feature","id":144,"geometry":{"type":"LineString","coordinates":[[-105.19959880899995,39.704996815000072],[-105.19955662399997,39.705051344000026],[-105.19951546899995,39.70510454500004],[-105.19916563999999,39.705556739000031],[-105.19851741499997,39.706394630000034],[-105.19620219699999,39.70938706700008],[-105.19543041699995,39.710384533000024],[-105.19455317799998,39.711518252000076],[-105.19429856799997,39.711865467000052],[-105.19425902599994,39.711919392000027],[-105.19389166099995,39.712420362000046],[-105.19362395199994,39.712785428000075],[-105.19282616099997,39.713799890000075],[-105.19273168499996,39.713920023000071],[-105.19241537399995,39.714331683000069],[-105.19097470199995,39.716206549000049],[-105.19086952599997,39.716343419000054],[-105.19059837599997,39.716696274000071],[-105.19022740099996,39.717155278000064],[-105.18963614099994,39.717830931000037],[-105.18957041399995,39.717899336000073],[-105.18914363799996,39.718343495000056]]},"properties":{"OBJECTID":144,"RID":"070A","tmc":"116P04240","intersection":"CO-470/EXIT 260","TMC_Along_I70Even_Statistics2_MIN_MEAS":259.2358765342367,"TMC_Along_I70Even_Statistics2_MAX_MEAS":260.32723273341804,"Shape_Length":0.016960297547169684}},{"type":"Feature","id":145,"geometry":{"type":"LineString","coordinates":[[-105.80127019299994,39.693640611000035],[-105.80078936599995,39.693792151000025],[-105.79926113099998,39.694302376000053],[-105.79924059499996,39.69430923200008],[-105.79603405099999,39.695345298000063],[-105.79537691399997,39.695557610000037],[-105.79492028299995,39.695678727000029],[-105.79435861799999,39.695791762000056],[-105.79379633099995,39.695867399000065],[-105.79356600999995,39.695882075000043],[-105.79323913199994,39.695902904000036],[-105.79285427299999,39.695903488000056],[-105.79268563799997,39.695903744000077],[-105.79266437799998,39.695903777000069],[-105.79209987399997,39.695869246000029],[-105.79155982899994,39.695799972000032],[-105.79113154899994,39.695717882000054],[-105.79072799899996,39.695624063000025],[-105.79023609099994,39.695479282000065],[-105.78852826699995,39.694846437000081],[-105.78809900699997,39.694709357000079],[-105.78777202599997,39.694622819000074],[-105.78733270899994,39.694532354000046],[-105.78688700899994,39.694472350000069],[-105.78660667199995,39.694450518000053],[-105.78643359199998,39.694437039000036],[-105.78586984699996,39.69443231200006],[-105.78537037999996,39.694456574000071],[-105.78522074699998,39.694463843000051],[-105.78377175799994,39.694598273000054],[-105.78284525199996,39.694671249000066],[-105.78172349199997,39.69475959500005],[-105.78064857899994,39.694826660000047],[-105.77898366699998,39.694889241000055],[-105.77595288099997,39.695003102000044],[-105.77449271699999,39.695057929000029],[-105.77337245199999,39.695099981000055],[-105.77334997199995,39.695100824000065],[-105.77245637299995,39.695166897000036],[-105.77194110599999,39.695234009000046],[-105.77124999899996,39.695368174000066],[-105.77081102399995,39.695476245000066],[-105.76965618699995,39.695760546000031],[-105.76925205699996,39.695842957000025],[-105.76906655799996,39.695905452000034],[-105.76838576699998,39.696074656000064],[-105.76827636599995,39.696099495000055],[-105.76769081999998,39.696232434000081],[-105.76709656599996,39.696338602000026],[-105.76649531999999,39.696395007000035],[-105.76577893799998,39.69641297000004],[-105.76566980799998,39.696401030000061],[-105.76548595199995,39.696423958000025],[-105.76538988899995,39.696411967000074],[-105.76433339499994,39.696280080000065],[-105.76310078799997,39.696054177000065],[-105.76247733999998,39.695961115000046],[-105.76194570399997,39.695915400000047],[-105.76126476599995,39.695906886000046],[-105.76099298199995,39.695920880000074],[-105.76086431699997,39.695927506000032],[-105.76033371099999,39.695979129000079],[-105.75915202499999,39.696154337000053],[-105.75736496399998,39.696419281000033],[-105.75716779499999,39.696448511000028],[-105.75650654399999,39.696527784000068],[-105.75622566799996,39.696550965000029],[-105.75582900799998,39.696583701000066],[-105.75527488099999,39.696611443000052],[-105.75515464799997,39.696617462000063],[-105.75453809799995,39.696638217000043],[-105.75076877699996,39.696765026000037],[-105.75059000799996,39.696770513000047],[-105.74804503999997,39.696848584000065],[-105.74721321599998,39.696856500000081],[-105.74696793899994,39.696858833000078],[-105.74621771599999,39.696816737000063],[-105.74548127799994,39.696719973000029],[-105.74403121099999,39.69649851500003],[-105.74151665399995,39.696114439000041],[-105.74049571599994,39.695958482000037],[-105.73945624499999,39.695799685000054],[-105.73912998499998,39.695749841000065],[-105.73912239799995,39.695748682000044],[-105.73884643899999,39.695706521000034],[-105.73710944699997,39.695418423000035],[-105.73647420299994,39.695326786000066],[-105.73526890499994,39.695152904000054],[-105.73480655699996,39.695086200000048],[-105.73121875899994,39.694541378000054],[-105.73106527599998,39.694518067000047],[-105.73065520099999,39.694460862000028],[-105.73004775099997,39.694376118000037]]},"properties":{"OBJECTID":145,"RID":"070A_DEC","tmc":"116-04729","intersection":"CR-321/STEVENS GULCH RD/EXIT 22","TMC_Along_I70Even_Statistics2_MIN_MEAS":221.52755642452109,"TMC_Along_I70Even_Statistics2_MAX_MEAS":225.43008410904,"Shape_Length":0.072197017623736134}},{"type":"Feature","id":146,"geometry":{"type":"LineString","coordinates":[[-105.53755408799998,39.744830815000057],[-105.53746620499999,39.744805853000059],[-105.53695996099998,39.74468599000005],[-105.53691473099997,39.744675280000024],[-105.53677043599998,39.74464516300003],[-105.53485435499999,39.744245205000027],[-105.53394036499998,39.744001934000039],[-105.53391727299999,39.743995275000032],[-105.53283609899995,39.743683529000066]]},"properties":{"OBJECTID":146,"RID":"070A","tmc":"116P04737","intersection":"STANLEY RD/EXIT 239","TMC_Along_I70Even_Statistics2_MIN_MEAS":238.77668434180708,"TMC_Along_I70Even_Statistics2_MAX_MEAS":238.97925402643125,"Shape_Length":0.004857929214240525}},{"type":"Feature","id":147,"geometry":{"type":"LineString","coordinates":[[-105.53664866999998,39.744715645000042],[-105.53654160499997,39.744690414000047],[-105.53513942399996,39.744396264000045],[-105.53430312999996,39.744195817000048],[-105.53387852699996,39.744079731000056],[-105.53370541299995,39.744032402000073],[-105.53245033199994,39.743658707000066],[-105.53224450999994,39.743610034000028],[-105.53164911899995,39.743469236000067],[-105.53109033299995,39.743378309000036],[-105.53083006599996,39.743335958000046],[-105.52805221399996,39.742964265000069],[-105.52773096399994,39.742910714000061],[-105.52760949499998,39.742890467000052],[-105.52744293599994,39.74285586600007]]},"properties":{"OBJECTID":147,"RID":"070A_DEC","tmc":"116N04737","intersection":"STANLEY RD/EXIT 239","TMC_Along_I70Even_Statistics2_MIN_MEAS":238.88662345847953,"TMC_Along_I70Even_Statistics2_MAX_MEAS":239.25315940780149,"Shape_Length":0.0094065555631467727}},{"type":"Feature","id":148,"geometry":{"type":"LineString","coordinates":[[-105.64846489399997,39.761260271000026],[-105.64834650099999,39.761290913000039],[-105.64771816299998,39.761453531000029],[-105.64651242499997,39.761765574000037],[-105.64616553399998,39.761855346000061],[-105.64588010699998,39.761920615000065],[-105.64528155499994,39.762057484000024],[-105.64427276799995,39.762244079000027],[-105.64411968599995,39.762272394000036],[-105.64100698099998,39.76284808500003],[-105.63971425599999,39.763087145000043],[-105.63884676299995,39.763247559000035],[-105.63867718399996,39.763278917000036]]},"properties":{"OBJECTID":148,"RID":"070A","tmc":"116+04733","intersection":"CR-308/EXIT 233","TMC_Along_I70Even_Statistics2_MIN_MEAS":232.32802442956003,"TMC_Along_I70Even_Statistics2_MAX_MEAS":232.89837648696061,"Shape_Length":0.009998279860271202}},{"type":"Feature","id":149,"geometry":{"type":"LineString","coordinates":[[-106.48407860299994,39.622703339000054],[-106.48333865099994,39.62232120200008],[-106.48285864899998,39.622098753000046],[-106.48272896399999,39.622049448000041],[-106.48235816099998,39.621908473000076],[-106.48157874399999,39.621686251000028],[-106.48131116199994,39.621629220000045],[-106.48076667499998,39.621541946000036],[-106.47966245699996,39.621437502000049],[-106.47933032199995,39.621412882000072],[-106.47752851399997,39.62127930500003],[-106.47711991799997,39.621249011000032],[-106.47697015499995,39.621237905000044]]},"properties":{"OBJECTID":149,"RID":"070A_DEC","tmc":"116N08161","intersection":"US-6","TMC_Along_I70Even_Statistics2_MIN_MEAS":168.91388592529415,"TMC_Along_I70Even_Statistics2_MAX_MEAS":169.29223200716643,"Shape_Length":0.007341625496188023}},{"type":"Feature","id":150,"geometry":{"type":"LineString","coordinates":[[-106.14147148399996,39.540670893000026],[-106.14098663699997,39.541169425000078],[-106.14061865599996,39.54154778700007],[-106.14021849899996,39.542009134000068],[-106.13997334399994,39.542351970000027],[-106.13981344299998,39.54263132300008],[-106.13967750299997,39.542923683000026],[-106.13956763799996,39.543223271000045],[-106.13950840699994,39.543428971000026],[-106.13945667399997,39.543731211000079],[-106.13940728899996,39.544231683000078],[-106.13940708399997,39.545232517000045],[-106.13937738999999,39.545665285000041],[-106.13930332299998,39.546092988000055],[-106.13914285899995,39.546581131000039],[-106.13893973799998,39.547027841000045],[-106.13866424399998,39.547518207000053],[-106.13836819999995,39.547991573000047],[-106.13650598999999,39.551140339000028],[-106.13610040399999,39.551794918000041],[-106.13590362799994,39.552089061000061],[-106.13567744299996,39.55237373600005],[-106.13545704899997,39.552609462000078],[-106.13542315199999,39.552645717000075],[-106.13514542499996,39.552897148000056],[-106.13470511299994,39.55323794800006],[-106.13422553499998,39.553563303000033],[-106.13416418599996,39.553630313000042],[-106.13347478199995,39.554089468000029],[-106.13303423799999,39.554407473000026],[-106.13269303999999,39.554689480000036],[-106.13215462399995,39.555191082000078],[-106.13197487399998,39.555409471000075],[-106.13171770499997,39.555789449000031],[-106.13104047899998,39.556709905000048],[-106.13081517299997,39.557041214000037],[-106.13060902599995,39.557384480000053],[-106.13042878099998,39.55772339300006],[-106.13037117299996,39.557870278000053],[-106.13024692899995,39.558310702000028],[-106.13017972299997,39.558683919000032],[-106.13016916399994,39.558826664000037],[-106.13014517199997,39.559150996000028],[-106.13016271899994,39.561014369000077],[-106.13011039799994,39.561506137000038],[-106.13007637699997,39.561676067000064],[-106.13005284799999,39.561793580000028],[-106.12997974599995,39.562023302000057],[-106.12998829099996,39.562085143000047],[-106.12993219499998,39.562160332000076],[-106.12977061599997,39.56253848800003],[-106.12957154499998,39.562901554000064],[-106.12934833599996,39.563239018000047],[-106.12902980899997,39.563618825000049],[-106.12873183899995,39.563922030000072],[-106.12826549599998,39.564342801000066],[-106.12777626499997,39.564760736000039],[-106.12700693299996,39.565343517000031],[-106.12692865099996,39.565397345000065],[-106.12640834199999,39.565755111000044],[-106.12585926599996,39.566095421000057],[-106.12489536599998,39.566627246000053],[-106.12429173599998,39.566920106000055],[-106.12313887399995,39.567409601000065],[-106.12251996799995,39.567630244000043],[-106.12137681099995,39.568000832000052],[-106.12009342899995,39.56841686000007],[-106.11957769099996,39.568617592000066],[-106.11917051599994,39.568797719000031],[-106.11835350299998,39.569215770000028],[-106.11772075099998,39.569539530000043],[-106.11687012099998,39.570016749000047],[-106.11614520599994,39.570495648000076],[-106.11572346399998,39.570823511000071],[-106.11540421799998,39.571099137000033],[-106.11481872899998,39.571679071000062],[-106.11429312399997,39.572313695000048],[-106.11392937699998,39.572847288000048],[-106.11386468899997,39.572971626000026],[-106.11368680599998,39.573313540000072]]},"properties":{"OBJECTID":150,"RID":"070A_DEC","tmc":"116-04722","intersection":"CR-1220/CR-1070/EXIT 198","TMC_Along_I70Even_Statistics2_MIN_MEAS":198.11668125506182,"TMC_Along_I70Even_Statistics2_MAX_MEAS":200.76258141193881,"Shape_Length":0.04572604986433193}},{"type":"Feature","id":151,"geometry":{"type":"LineString","coordinates":[[-105.59304973499997,39.764365313000042],[-105.59230120799998,39.764407589000029],[-105.59223973399997,39.764411061000033],[-105.59134551499994,39.76443198700008],[-105.59118815599999,39.764435668000033],[-105.59078647799998,39.764431574000071],[-105.59009234299998,39.764397617000043],[-105.58939600399998,39.764337875000081],[-105.58894529599996,39.764293157000054],[-105.58583127199995,39.763984147000031],[-105.58387810899995,39.763790286000074],[-105.58127172599995,39.763531538000052],[-105.58118313699998,39.763520910000068],[-105.58063250699996,39.76345484400008],[-105.58010643199998,39.763391720000072],[-105.57930247199994,39.763241124000047],[-105.57913207299998,39.763209205000067],[-105.57816155199998,39.762957333000031],[-105.57732426299998,39.762674513000036],[-105.57702063399995,39.76255541200004],[-105.57684345099995,39.762485909000077],[-105.57666678799995,39.762406614000042],[-105.57625992599998,39.762223992000031],[-105.57568595299995,39.761938758000042],[-105.57508762999998,39.761617933000025],[-105.57344786599998,39.76073864600005],[-105.57182346699994,39.759867554000039],[-105.57161103599998,39.75975363200007],[-105.57055613799997,39.75922306700005],[-105.56901802099998,39.75855148800008],[-105.56767001099996,39.75796288500004],[-105.56567239899999,39.75709058700005],[-105.56434069199997,39.756509040000026],[-105.56398749399995,39.756354797000029],[-105.56315123799999,39.755994491000024],[-105.56315039699996,39.755994165000061],[-105.56278811199996,39.755853063000075],[-105.56240696799995,39.755737941000064],[-105.56216382699995,39.75568803200008],[-105.56200879499994,39.755656210000041],[-105.56157019399996,39.755602607000071],[-105.56100348999996,39.755583437000041],[-105.56084375299997,39.755559339000058],[-105.56028364399998,39.75558368600008],[-105.56014093799996,39.755595635000077],[-105.56002815999994,39.755637285000034],[-105.55973933799999,39.755655722000029],[-105.55962148399999,39.755663245000051]]},"properties":{"OBJECTID":151,"RID":"070A_DEC","tmc":"116-04735","intersection":"CR-308/EXIT 235","TMC_Along_I70Even_Statistics2_MIN_MEAS":235.32965284480122,"TMC_Along_I70Even_Statistics2_MAX_MEAS":237.32226456311614,"Shape_Length":0.035150438989428809}},{"type":"Feature","id":152,"geometry":{"type":"LineString","coordinates":[[-105.80969028799996,39.691667332000065],[-105.80925365999997,39.691684488000078],[-105.80894348899994,39.691716337000059],[-105.80892550599998,39.691718183000035],[-105.80865883899997,39.691765114000077],[-105.80847868299998,39.691796818000057],[-105.80593510999995,39.692338186000029],[-105.80582858399998,39.692375066000068],[-105.80546560999994,39.692439652000076],[-105.80532585699996,39.692475100000024],[-105.80510328799994,39.692531557000052],[-105.80494459999994,39.692556631000059],[-105.80472595299995,39.692591180000079],[-105.80421243499995,39.692698147000044],[-105.80257687799997,39.69306681200004],[-105.80247540399995,39.693093812000029],[-105.80183137499995,39.69326516700005]]},"properties":{"OBJECTID":152,"RID":"070A","tmc":"116P04729","intersection":"CR-321/STEVENS GULCH RD/EXIT 22","TMC_Along_I70Even_Statistics2_MIN_MEAS":221.05994824909317,"TMC_Along_I70Even_Statistics2_MAX_MEAS":221.49007652347058,"Shape_Length":0.0080308704263641947}},{"type":"Feature","id":153,"geometry":{"type":"LineString","coordinates":[[-106.51698406999998,39.635182029000077],[-106.51645794199999,39.634943141000065],[-106.51592083699995,39.634717667000075],[-106.51591086199994,39.634713840000074],[-106.51569368999998,39.63463052700007],[-106.51510290299996,39.63440388600003],[-106.51466045599994,39.634252124000056],[-106.51427473399997,39.634119815000076],[-106.51343936899997,39.633871576000047],[-106.51308570399999,39.633773812000072],[-106.51202654499997,39.63348102100008],[-106.50953755299997,39.632792923000068],[-106.49942322599998,39.629996058000074],[-106.49914985599997,39.629920447000075],[-106.49881626299998,39.629821358000072],[-106.49833296399999,39.629677797000056],[-106.49829252399996,39.62966306900006]]},"properties":{"OBJECTID":153,"RID":"070A_DEC","tmc":"116-04715","intersection":"AVON RD/EXIT 167","TMC_Along_I70Even_Statistics2_MIN_MEAS":166.93767648696053,"TMC_Along_I70Even_Statistics2_MAX_MEAS":167.9906569897372,"Shape_Length":0.019504307593872179}},{"type":"Feature","id":154,"geometry":{"type":"LineString","coordinates":[[-106.51699480599996,39.63480089400008],[-106.51676231499994,39.63469004600006],[-106.51610362499997,39.634413433000077],[-106.51595930499997,39.634352827000043],[-106.51588912699998,39.63432595300003],[-106.51541682499999,39.63414509200004],[-106.51483707899996,39.633944278000058],[-106.51459354599996,39.633859923000045],[-106.51347627499996,39.633521612000038],[-106.51323339399994,39.633454384000061],[-106.51217440099998,39.633161247000032],[-106.50968580399996,39.632472336000035],[-106.49957305299995,39.629672159000052],[-106.49930327699997,39.62959744300008],[-106.49927058799994,39.629587972000024]]},"properties":{"OBJECTID":154,"RID":"070A","tmc":"116+06999","intersection":"WILLIAM J POST BLVD","TMC_Along_I70Even_Statistics2_MIN_MEAS":166.94781394907534,"TMC_Along_I70Even_Statistics2_MAX_MEAS":167.94513730937857,"Shape_Length":0.018488294745310347}},{"type":"Feature","id":155,"geometry":{"type":"LineString","coordinates":[[-105.49693588199995,39.740938241000038],[-105.49647018899998,39.74110134600005],[-105.49606065799998,39.741285846000039],[-105.49594628899996,39.741337370000053],[-105.49528910399994,39.741653542000051],[-105.49395958399998,39.742293156000073],[-105.49338812699995,39.742568067000036],[-105.49257071799997,39.74295348000004],[-105.49239286799997,39.743037337000032],[-105.49187412699996,39.743281918000037],[-105.49114742799998,39.743624544000056]]},"properties":{"OBJECTID":155,"RID":"070A_DEC","tmc":"116N04739","intersection":"I-70/EXIT 241","TMC_Along_I70Even_Statistics2_MIN_MEAS":240.94558544555974,"TMC_Along_I70Even_Statistics2_MAX_MEAS":241.34374208305974,"Shape_Length":0.0063841174667887933}},{"type":"Feature","id":156,"geometry":{"type":"LineString","coordinates":[[-105.29073885299994,39.709300390000067],[-105.29014596999997,39.709234911000067],[-105.29013074899996,39.709233230000052],[-105.28976229699998,39.709208671000056],[-105.28903176999995,39.709159975000034],[-105.28615762399994,39.709014778000039],[-105.28465552799997,39.70893886600004],[-105.28402696399996,39.708875827000043],[-105.28352097399994,39.70878140800005],[-105.28338640099997,39.708756295000057],[-105.28289294099994,39.708621804000074],[-105.28226958199997,39.70840094700003],[-105.28208336399996,39.708323365000069],[-105.27974254499998,39.707348100000047],[-105.27831170099995,39.706751924000059],[-105.27715732899998,39.706289694000077],[-105.27672751299997,39.706138833000068],[-105.27612656699995,39.705963545000031],[-105.27550773399997,39.705810579000058],[-105.27548483099997,39.705805971000075],[-105.27503852299998,39.705716169000027],[-105.27246253599998,39.705321922000053],[-105.26974813999999,39.704920235000031],[-105.26904559499997,39.704816258000051],[-105.26886545699995,39.704789598000048],[-105.26323721999995,39.703956446000063],[-105.26316800299998,39.703946199000029],[-105.26201555399996,39.70381190300003],[-105.26137312499998,39.703779010000062],[-105.26086332899996,39.70377084100005],[-105.26033522999995,39.703781152000033],[-105.25981261899994,39.703814932000057],[-105.25874775699998,39.703947294000045],[-105.25776343599995,39.704097995000041],[-105.25569539699995,39.704382925000061],[-105.25514492899998,39.704420369000047],[-105.25452272099994,39.704421735000039],[-105.25451099399999,39.704421025000045],[-105.25415917199996,39.70439972500003],[-105.25411668999999,39.70439454600006],[-105.25334523499998,39.704300497000077],[-105.25299127799997,39.704233273000057]]},"properties":{"OBJECTID":156,"RID":"070A","tmc":"116+04238","intersection":"GRAPEVINE RD/EXIT 256","TMC_Along_I70Even_Statistics2_MIN_MEAS":253.7498345465533,"TMC_Along_I70Even_Statistics2_MAX_MEAS":255.85688020357333,"Shape_Length":0.038521786570544919}},{"type":"Feature","id":157,"geometry":{"type":"LineString","coordinates":[[-105.41341738599999,39.722277553000026],[-105.41292489299997,39.722107093000034],[-105.41281224099998,39.722068102000037],[-105.41270416099997,39.722005496000065],[-105.41257678399995,39.721989597000061],[-105.41185070699999,39.721764570000062],[-105.41140239799995,39.721625625000058],[-105.40994022099994,39.721229977000064],[-105.40982911599997,39.721215764000078],[-105.40977646999994,39.721193844000027]]},"properties":{"OBJECTID":157,"RID":"070A","tmc":"116P04742","intersection":"BEAVER BROOK CANYON RD/EXIT 247","TMC_Along_I70Even_Statistics2_MIN_MEAS":246.3724640530088,"TMC_Along_I70Even_Statistics2_MAX_MEAS":246.59697648696056,"Shape_Length":0.0038069286836710133}},{"type":"Feature","id":158,"geometry":{"type":"LineString","coordinates":[[-105.30262348399998,39.712355979000051],[-105.30185989899996,39.712164468000026],[-105.30025730899996,39.711762512000064],[-105.29734930799998,39.711033068000063],[-105.29597058199994,39.710651225000049],[-105.29502676299995,39.710389819000056],[-105.29463731299995,39.710291832000053],[-105.29357377199995,39.71002423200008],[-105.29278216799997,39.709862446000045],[-105.29095910899997,39.709562980000044],[-105.29025954799994,39.709476273000064],[-105.29011660499998,39.709465411000053],[-105.28973330199995,39.709436279000045],[-105.28924790599996,39.709399390000044],[-105.28909947599999,39.709393717000069]]},"properties":{"OBJECTID":158,"RID":"070A_DEC","tmc":"116N04237","intersection":"S MT VERNON COUNTRY CLUB RD/EXIT 254","TMC_Along_I70Even_Statistics2_MIN_MEAS":253.08849509846755,"TMC_Along_I70Even_Statistics2_MAX_MEAS":253.83781134640009,"Shape_Length":0.013869281411039604}},{"type":"Feature","id":159,"geometry":{"type":"LineString","coordinates":[[-105.48904873899994,39.744388565000065],[-105.48867527799996,39.744522353000036],[-105.48829711599996,39.744597449000025],[-105.48784905099996,39.74464683900004],[-105.48753775899996,39.744662385000026],[-105.48690772099997,39.74463743900003],[-105.48634045099999,39.744543346000057],[-105.48508044499994,39.744210458000055],[-105.48438650099996,39.744027115000051],[-105.48381185299996,39.743889189000072],[-105.48342452899999,39.743819353000049],[-105.48303180799996,39.743769153000073],[-105.48263535399997,39.74374027500005],[-105.48223750499994,39.743736243000058],[-105.48163461299998,39.743773609000073],[-105.48103042299999,39.743852959000037],[-105.48040178799994,39.743935516000079],[-105.48008597099994,39.743980340000064],[-105.47874698199996,39.744170377000046],[-105.47864026099995,39.744186281000054],[-105.47491617799994,39.744741185000066],[-105.47368579399995,39.744924489000027],[-105.47286395799995,39.74504692000005],[-105.47151280799994,39.745231439000065],[-105.47112379599997,39.745255966000059],[-105.47071025699995,39.745252662000041],[-105.47035642499998,39.745213776000071],[-105.47015037299997,39.745191133000048],[-105.46868995399996,39.744948292000061],[-105.46831617699996,39.744945026000039],[-105.46806288999994,39.744962545000078],[-105.46781166699998,39.745001499000068],[-105.46744310899999,39.745095845000037],[-105.46720744499999,39.745180036000079],[-105.46698771099994,39.745284337000044],[-105.46648503299997,39.745606075000069],[-105.46607615299996,39.745931818000031],[-105.46582082199996,39.746118790000025],[-105.46559663799997,39.746265213000072],[-105.46538788799995,39.746371150000073],[-105.46522610299996,39.74645264600008],[-105.46504320899999,39.74650997100008],[-105.46479758799995,39.746583716000032],[-105.46454659099999,39.746637272000044],[-105.46438550699997,39.746659648000048]]},"properties":{"OBJECTID":159,"RID":"070A","tmc":"116+04740","intersection":"CR-314/EXIT 243","TMC_Along_I70Even_Statistics2_MIN_MEAS":241.49439784490238,"TMC_Along_I70Even_Statistics2_MAX_MEAS":242.82525859807402,"Shape_Length":0.025366957992804039}},{"type":"Feature","id":160,"geometry":{"type":"LineString","coordinates":[[-105.73004775099997,39.694376118000037],[-105.72967680199997,39.694324368000025],[-105.72917180699994,39.694283079000058],[-105.72882318599994,39.694270651000068],[-105.72847696499997,39.694274083000039],[-105.72797195099997,39.694302606000065],[-105.72775346199995,39.694329863000064],[-105.72764884999998,39.69434291500005],[-105.72718732999999,39.69442527700005],[-105.72674655099996,39.69453165200008],[-105.72646330699996,39.694617589000075],[-105.72593420599998,39.694820510000056],[-105.72577385899996,39.694896363000055],[-105.72532847199994,39.695107053000072],[-105.72284228299998,39.696464184000035]]},"properties":{"OBJECTID":160,"RID":"070A_DEC","tmc":"116N04730","intersection":"WOODWARD AVE/EXIT 226","TMC_Along_I70Even_Statistics2_MIN_MEAS":225.43008410904,"TMC_Along_I70Even_Statistics2_MAX_MEAS":225.87443822014956,"Shape_Length":0.0076952133111011234}},{"type":"Feature","id":161,"geometry":{"type":"LineString","coordinates":[[-105.33859676699996,39.70272946700004],[-105.33847820199998,39.702701349000051],[-105.33589617199999,39.701914803000079],[-105.33500513199999,39.701659260000042],[-105.33489397799997,39.701633773000026],[-105.33456147199996,39.701557527000034],[-105.33423185299995,39.701501040000039],[-105.33411175999998,39.701480460000028],[-105.33365589999994,39.701427914000078],[-105.33319876899998,39.701402438000059],[-105.33285183999999,39.701401406000059],[-105.33250434199999,39.701418628000056],[-105.33204925999996,39.701466356000026],[-105.33127324499998,39.701606473000027],[-105.33065017299998,39.701799138000069],[-105.32995695599999,39.702094049000038],[-105.32957984599994,39.702287258000069],[-105.32913391399995,39.702540580000061],[-105.32899815099995,39.702626646000056],[-105.32840737099997,39.703001157000074],[-105.32824233199995,39.703105780000044],[-105.32515140699996,39.705147264000061]]},"properties":{"OBJECTID":161,"RID":"070A","tmc":"116+04235","intersection":"CO-74/EVERGREEN PKWY/EXIT 252","TMC_Along_I70Even_Statistics2_MIN_MEAS":250.76897648696058,"TMC_Along_I70Even_Statistics2_MAX_MEAS":251.5606182438886,"Shape_Length":0.014619137280104395}},{"type":"Feature","id":162,"geometry":{"type":"LineString","coordinates":[[-106.21581902899999,39.532823882000059],[-106.21583790599999,39.532731359000024],[-106.21585685399998,39.532638487000042],[-106.21610378499997,39.53142818300006],[-106.21617897299996,39.531059645000028],[-106.21644211299997,39.529769835000025],[-106.21659266099999,39.529031889000066],[-106.21668193499994,39.528418705000036],[-106.21674089399994,39.52763464800006],[-106.21674460699995,39.527012884000044],[-106.21670978999998,39.526363036000077],[-106.21666020199996,39.525920248000034],[-106.21661955499997,39.525673848000054],[-106.21658603199995,39.525470623000047],[-106.21651963899996,39.525167886000077]]},"properties":{"OBJECTID":162,"RID":"070A","tmc":"116P04720","intersection":"CR-16/SHRINE PASS RD/EXIT 190","TMC_Along_I70Even_Statistics2_MIN_MEAS":189.88602347387643,"TMC_Along_I70Even_Statistics2_MAX_MEAS":190.40762856400841,"Shape_Length":0.0077597693458960355}},{"type":"Feature","id":163,"geometry":{"type":"LineString","coordinates":[[-106.09880501199996,39.590881917000047],[-106.09816836099998,39.591274819000034],[-106.09728789799999,39.591885387000048],[-106.09638010299994,39.592590750000056],[-106.09628811899995,39.592670991000034],[-106.09561173399999,39.593261013000074],[-106.09512004399994,39.593735013000071],[-106.09476281499997,39.594106694000061],[-106.09363693799997,39.595350063000069]]},"properties":{"OBJECTID":163,"RID":"070A","tmc":"116P04724","intersection":"CO-9/EXIT 203","TMC_Along_I70Even_Statistics2_MIN_MEAS":202.17336198686129,"TMC_Along_I70Even_Statistics2_MAX_MEAS":202.51090374597041,"Shape_Length":0.0068646779843635937}},{"type":"Feature","id":164,"geometry":{"type":"LineString","coordinates":[[-105.43389491599999,39.744013933000076],[-105.43379334199994,39.743938849000074],[-105.43375371299999,39.743909557000052],[-105.43343784099994,39.743604220000066],[-105.43340775499996,39.743575139000029],[-105.43312593699994,39.74307656700006],[-105.43305801599996,39.742882290000068],[-105.43301207899998,39.742647883000075],[-105.43299057499996,39.741974739000057],[-105.43295049899996,39.741492379000078],[-105.43288956599997,39.741229416000067],[-105.43255387999994,39.740484968000032],[-105.43176005599997,39.738932785000031],[-105.43159864799998,39.738617168000076],[-105.43151279999995,39.738466717000051],[-105.43136449699995,39.738206810000065],[-105.43105490999994,39.737760810000054],[-105.43098280899994,39.737656940000079],[-105.42866080899995,39.734798840000053],[-105.42811803299998,39.73410930600005],[-105.42789833099994,39.733830197000032],[-105.42764512599996,39.733452680000028],[-105.42738374199996,39.733000692000076],[-105.42680528799997,39.731825743000059],[-105.42658600199996,39.731314004000069],[-105.42642977499997,39.731013603000065],[-105.42615321599999,39.730595850000043],[-105.42586543799996,39.73024685300004],[-105.42559365999995,39.729986616000076],[-105.42526279999998,39.729727865000029],[-105.42413743899999,39.728999718000068],[-105.42368641199994,39.728661241000054],[-105.42347786299996,39.728466516000026],[-105.42323014299996,39.728194058000042],[-105.42254614099994,39.727372579000075],[-105.42231375999995,39.727116877000071],[-105.42224340599995,39.727052293000042],[-105.42185130799999,39.726692354000079],[-105.42141666999999,39.726368121000064],[-105.42102523099999,39.726120644000048],[-105.42060746099997,39.725882756000033],[-105.42053562099994,39.725843801000053],[-105.41753062399994,39.724214248000067],[-105.41747682099998,39.724186657000075],[-105.41689352899999,39.723887538000042],[-105.41678537899998,39.723868438000068],[-105.41667125399994,39.723813894000045],[-105.41658976299999,39.723738807000075],[-105.41648681999999,39.723717812000075],[-105.41637168499994,39.723664697000061],[-105.41627871199995,39.723591570000053],[-105.41544025999997,39.723216101000048],[-105.41531831999998,39.723202736000076],[-105.41487624699994,39.723014765000073],[-105.41406120799996,39.722705095000038],[-105.41395470899994,39.722633778000045],[-105.41385061199998,39.722595613000067],[-105.41372793699998,39.722573707000038],[-105.41283370599996,39.722264200000041],[-105.41276696899996,39.722241100000076],[-105.41265889099998,39.722178494000048],[-105.41253151099994,39.722162593000064],[-105.41210443199998,39.722030233000055]]},"properties":{"OBJECTID":164,"RID":"070A_DEC","tmc":"116-04741","intersection":"US-6/EXIT 244","TMC_Along_I70Even_Statistics2_MIN_MEAS":244.55696057954577,"TMC_Along_I70Even_Statistics2_MAX_MEAS":246.4330716760947,"Shape_Length":0.032478566717963425}},{"type":"Feature","id":165,"geometry":{"type":"LineString","coordinates":[[-106.47697015499995,39.621237905000044],[-106.47629633299999,39.621187942000063],[-106.47544279499999,39.621104127000081],[-106.47458554799999,39.62099839900003],[-106.47371959499998,39.620867244000067],[-106.47285088299998,39.620716607000077],[-106.47145799499998,39.620422022000071],[-106.47141133199995,39.620412153000075],[-106.47113168999999,39.620343813000034],[-106.47055933299998,39.620203935000063],[-106.47041633999999,39.620164016000047],[-106.46999841799999,39.620047343000067],[-106.46833961399994,39.619532916000026],[-106.46781019399998,39.619351757000061],[-106.46386915199997,39.618003084000065],[-106.46313725899995,39.617752600000074],[-106.46260594899996,39.617570761000025],[-106.46179570899994,39.617287782000062],[-106.46127906499999,39.617087970000057],[-106.46122469399995,39.617061455000055],[-106.46079729599995,39.616853032000051],[-106.46057217899994,39.616722653000068],[-106.46035925499996,39.616581585000063],[-106.45997289099995,39.616269208000062],[-106.45964620999996,39.61591892000007],[-106.45950698499996,39.615731398000037],[-106.45927825399997,39.61533834200003],[-106.45911970399999,39.614925622000044],[-106.45903597799997,39.614495030000057],[-106.45902228599999,39.614054688000067],[-106.45906696399999,39.61317895600007],[-106.45907127199996,39.612747097000067],[-106.45905004999997,39.612532615000077],[-106.45895205399995,39.612106714000049],[-106.45892527799998,39.61204026300004],[-106.45884534199996,39.611841877000074]]},"properties":{"OBJECTID":165,"RID":"070A_DEC","tmc":"116-08161","intersection":"US-6","TMC_Along_I70Even_Statistics2_MIN_MEAS":169.29223200716643,"TMC_Along_I70Even_Statistics2_MAX_MEAS":170.52815620517345,"Shape_Length":0.022578301233784626}},{"type":"Feature","id":166,"geometry":{"type":"LineString","coordinates":[[-106.38209197799995,39.645072595000045],[-106.38181038799996,39.645009521000077],[-106.37880638099995,39.644336593000048],[-106.37793960599998,39.644142410000029],[-106.37740203499999,39.644021974000054],[-106.37485606899997,39.643451545000062],[-106.37410385599998,39.643282997000028],[-106.37351740499997,39.643151583000076]]},"properties":{"OBJECTID":166,"RID":"070A","tmc":"116P04718","intersection":"VAIL RD/EXIT 176","TMC_Along_I70Even_Statistics2_MIN_MEAS":175.85997648696059,"TMC_Along_I70Even_Statistics2_MAX_MEAS":176.28531626782302,"Shape_Length":0.0087871263380098884}},{"type":"Feature","id":167,"geometry":{"type":"LineString","coordinates":[[-105.52223418399996,39.741249038000035],[-105.52209787399994,39.741207398000029],[-105.52182519899998,39.741144258000077],[-105.52124356699994,39.741009571000063],[-105.52016323599997,39.740834277000033],[-105.52004564199996,39.740815197000074],[-105.51984885199994,39.740818898000043],[-105.51973005099995,39.740809132000038],[-105.51960708699994,39.740778473000034],[-105.51888217499999,39.740750209000055],[-105.51835305799995,39.740753787000074],[-105.51816943099999,39.740762701000051],[-105.51727979999998,39.740805876000024]]},"properties":{"OBJECTID":167,"RID":"070A","tmc":"116P04738","intersection":"CO-103/EXIT 240","TMC_Along_I70Even_Statistics2_MIN_MEAS":239.54183019197055,"TMC_Along_I70Even_Statistics2_MAX_MEAS":239.79939186383191,"Shape_Length":0.0050049012520816619}},{"type":"Feature","id":168,"geometry":{"type":"LineString","coordinates":[[-106.45336094399994,39.60901638100006],[-106.45233277599999,39.608748106000064],[-106.45089365799998,39.608372580000037],[-106.45073637499996,39.60834314300007],[-106.45037498999994,39.608275506000041],[-106.45027583699999,39.608265121000045],[-106.45011415399995,39.608248184000047],[-106.44958338199996,39.608225825000034],[-106.44931131899995,39.608238175000054],[-106.44886389499999,39.608295693000059],[-106.44869763599996,39.608333251000033],[-106.44823578799998,39.608437579000054],[-106.44798878799998,39.608511158000056],[-106.44772102599995,39.608617479000031],[-106.44747318899999,39.60873667900006]]},"properties":{"OBJECTID":168,"RID":"070A","tmc":"116P04716","intersection":"US-6/EXIT 171","TMC_Along_I70Even_Statistics2_MIN_MEAS":170.90198011557436,"TMC_Along_I70Even_Statistics2_MAX_MEAS":171.1615764869606,"Shape_Length":0.0060592972300276713}},{"type":"Feature","id":169,"geometry":{"type":"LineString","coordinates":[[-105.44225643199997,39.744373858000074],[-105.44094512199996,39.745135705000052],[-105.44086145999995,39.745182128000067],[-105.44018810299997,39.745555768000031],[-105.43978145699998,39.745712264000076],[-105.43935596399996,39.74581876700006],[-105.43929901499996,39.745826003000047],[-105.43906590699999,39.745855626000036],[-105.43875720199998,39.745873480000057],[-105.43832778399997,39.74584888000004],[-105.43808975699994,39.745811636000042],[-105.43783613999994,39.745750610000073],[-105.43750488099994,39.745659035000074],[-105.43717626599994,39.745539876000066],[-105.43565373099995,39.744851579000056],[-105.43558626899994,39.744821081000055],[-105.43429884999995,39.744239046000075],[-105.43393811899995,39.744045869000047],[-105.43389491599999,39.744013933000076]]},"properties":{"OBJECTID":169,"RID":"070A_DEC","tmc":"116N04741","intersection":"US-6/EXIT 244","TMC_Along_I70Even_Statistics2_MIN_MEAS":244.08837784725253,"TMC_Along_I70Even_Statistics2_MAX_MEAS":244.55696057954577,"Shape_Length":0.0091041199685572959}},{"type":"Feature","id":170,"geometry":{"type":"LineString","coordinates":[[-106.09363693799997,39.595350063000069],[-106.09354594499996,39.595450551000056],[-106.09346487999994,39.595545974000061],[-106.09337811099999,39.59564811000007],[-106.09156744199998,39.597779351000042],[-106.09102676399999,39.598401094000053],[-106.09094765099996,39.598455457000057],[-106.09090000399999,39.598542943000041],[-106.09038820899997,39.599125536000031],[-106.08956559299997,39.600033276000033],[-106.08940995799998,39.600184909000063],[-106.08915577999994,39.60043255100004],[-106.08869624799996,39.600834728000052],[-106.08827888699994,39.601144308000073],[-106.08812328499994,39.601243793000037],[-106.08528899999999,39.603055821000055],[-106.08459566299996,39.603499064000061],[-106.08400187099994,39.603922179000051],[-106.08351200499999,39.604308923000076],[-106.08297686699996,39.604807796000046],[-106.08279985799999,39.604993077000074],[-106.08261322899995,39.605188426000041],[-106.08234636899999,39.605498367000052],[-106.08197798599997,39.605975690000037],[-106.08196440499995,39.60599441200003],[-106.08136100699994,39.60682618900006],[-106.08128855699994,39.606900190000033],[-106.08123610799998,39.606999220000034],[-106.08027359599998,39.608337283000026],[-106.07996750699999,39.608718651000061],[-106.07962683999995,39.609095647000061],[-106.07925547899998,39.609415327000079],[-106.07890830099996,39.60971418400004],[-106.07829208699997,39.610143080000057],[-106.07758623599995,39.61055817600004],[-106.07615148999997,39.611341759000027],[-106.07597523399994,39.611450819000027],[-106.07545966799995,39.611769828000035],[-106.07536122399995,39.611858884000071],[-106.07462268999996,39.612410896000029],[-106.07425037699994,39.612760706000074],[-106.07389927099996,39.613137729000073],[-106.07358532499995,39.613542074000065],[-106.07351364699997,39.613648279000074],[-106.07335570699996,39.613882291000039],[-106.07314126499995,39.61423979500006],[-106.07296040199998,39.614598642000033],[-106.07277142899994,39.615064001000064],[-106.07266327499997,39.615405133000024],[-106.07255594699996,39.615867754000078],[-106.07250572899994,39.616223477000062],[-106.07250493199996,39.616243609000037],[-106.07247822599999,39.616918329000043],[-106.07254380499995,39.617716654000048],[-106.07272998799999,39.618702797000026],[-106.07295044799997,39.619870453000033],[-106.07303819899994,39.620410519000075],[-106.07306310799999,39.620563811000068],[-106.07311693399998,39.621127958000045],[-106.07311486299994,39.621740657000032],[-106.07305845699995,39.62244944400004],[-106.07298429299999,39.622891867000078],[-106.07260507799998,39.623947513000076],[-106.07231586899997,39.624522995000063],[-106.07225581499995,39.624621156000046],[-106.07214456099996,39.624803005000047],[-106.07196343199996,39.625099061000071],[-106.07167561299997,39.625454963000038],[-106.07140958899998,39.625783910000052],[-106.07125194199995,39.625978844000031],[-106.07115236199996,39.626101977000076],[-106.07069834599997,39.626542765000067],[-106.07065840199999,39.626581545000079],[-106.07014056399998,39.62697750600006],[-106.06990839199995,39.62713494500008],[-106.06976951499996,39.627229119000049],[-106.06965200499997,39.627308804000052],[-106.06955051699998,39.62737762200004],[-106.06933621499996,39.627540262000025],[-106.06916396199995,39.627637051000079]]},"properties":{"OBJECTID":170,"RID":"070A","tmc":"116+04725","intersection":"US-6/CO-9/EXIT 205","TMC_Along_I70Even_Statistics2_MIN_MEAS":202.51090374597041,"TMC_Along_I70Even_Statistics2_MAX_MEAS":205.37343256557205,"Shape_Length":0.04328327970808149}},{"type":"Feature","id":171,"geometry":{"type":"LineString","coordinates":[[-106.09385867499998,39.595748996000054],[-106.09377106599999,39.595850680000069],[-106.09040540899997,39.599756678000062],[-106.08992036399997,39.600288847000058],[-106.08978946699995,39.600416960000075],[-106.08953717499998,39.600663882000049],[-106.08900668999996,39.601110417000029],[-106.08845793499995,39.60150423400006],[-106.08842526799998,39.60152521100008],[-106.08559601999997,39.603341948000036],[-106.08472907799995,39.603898604000051],[-106.08437621199994,39.604148397000074],[-106.08382507499999,39.60458768400008],[-106.08332612699996,39.605054404000043],[-106.08319170999994,39.605203897000081],[-106.08280024299995,39.605639269000051],[-106.08237595399999,39.606185641000025],[-106.08218119699995,39.606436433000056],[-106.08069341099997,39.608493574000079],[-106.08023177299998,39.609050407000041],[-106.07974689699995,39.609552002000044],[-106.07960985399995,39.609667308000041],[-106.07922536499996,39.609990809000067],[-106.07849772099996,39.610486817000037],[-106.07793508499998,39.610818186000074],[-106.07626903499994,39.611734906000038],[-106.07559607199994,39.612167000000056],[-106.07523280299995,39.61243556900007],[-106.07480934699998,39.612796567000032],[-106.07449550799998,39.613109301000065],[-106.07420416599996,39.613440593000064],[-106.07394253099994,39.61378334300008],[-106.07392594499998,39.613808827000071],[-106.07371000899997,39.614140575000079],[-106.07350394799994,39.614510653000025],[-106.07332419299996,39.614894272000072],[-106.07320751299994,39.615192415000024],[-106.07308305599997,39.615594395000073],[-106.07301457299997,39.615903822000064],[-106.07296102499998,39.616282222000052],[-106.07295504699994,39.61632446200008],[-106.07292865299996,39.616880087000027],[-106.07298197199998,39.617589628000076],[-106.07309564299999,39.618272635000039],[-106.07317023999997,39.618650866000053],[-106.07347289299997,39.620185380000066],[-106.07349988399994,39.620370191000063],[-106.07354922799999,39.620708069000045],[-106.07358017899998,39.621101284000076],[-106.07357462799996,39.621765838000044],[-106.07352453199996,39.622299847000079],[-106.07330974299998,39.623368189000075],[-106.07304898299998,39.624030730000072],[-106.07277735899999,39.624574617000064],[-106.07265332799994,39.624771169000041],[-106.07253924999998,39.624951948000046],[-106.07238938999996,39.62518943200007],[-106.07204562199996,39.625628265000046],[-106.07189330099999,39.625822707000054],[-106.07174678599995,39.625975983000046],[-106.07157041599999,39.626160489000029],[-106.07146214399995,39.626273756000046],[-106.07097480799996,39.626722363000056],[-106.07082974699995,39.626855893000027],[-106.07046373399999,39.62713868700007],[-106.07039844899998,39.627179506000061]]},"properties":{"OBJECTID":171,"RID":"070A_DEC","tmc":"116-04724","intersection":"CO-9/EXIT 203","TMC_Along_I70Even_Statistics2_MIN_MEAS":202.52197648696051,"TMC_Along_I70Even_Statistics2_MAX_MEAS":205.25037795419496,"Shape_Length":0.041916446753892229}},{"type":"Feature","id":172,"geometry":{"type":"LineString","coordinates":[[-106.82458978299996,39.662004677000027],[-106.82430258399995,39.662196201000029],[-106.82406076699999,39.662357454000073],[-106.82368179199995,39.662590140000077],[-106.82330281399999,39.662822823000056],[-106.82328977599997,39.66283005300005],[-106.82251129999997,39.66326168300003],[-106.82223542999998,39.663380815000039],[-106.82166636099998,39.663626559000079],[-106.82080825999998,39.663960395000061],[-106.82022119099997,39.664161748000026],[-106.81936485199998,39.664437038000074],[-106.81784852299995,39.664924477000056],[-106.81726022299995,39.66513016600004],[-106.81638668399995,39.665469801000029],[-106.81591839499998,39.665674412000044],[-106.81252509199999,39.667156958000078],[-106.80754142799998,39.669334049000042],[-106.80560689399999,39.670179046000044],[-106.80409448299997,39.670839627000078],[-106.80197402099998,39.671748125000079],[-106.80102885699995,39.672103298000025],[-106.80005394399996,39.672419999000056],[-106.79991858699998,39.672457921000046],[-106.79905781199994,39.672699068000043],[-106.79804032799996,39.672935722000034],[-106.79760824899995,39.673020850000057],[-106.79735502499994,39.673070739000025],[-106.79162015599996,39.674115719000042],[-106.78953295799994,39.674495960000058],[-106.78806282999994,39.674763759000029],[-106.78797760699996,39.674779284000067],[-106.78644243399998,39.675047776000042],[-106.78291099199998,39.675665323000032],[-106.78227738899994,39.675792247000061],[-106.78223290499994,39.67580115800007],[-106.78156982199994,39.675969638000026],[-106.78124901899997,39.676070975000073],[-106.78063789499998,39.676311997000028],[-106.78006991199999,39.67659339100004],[-106.77954505799994,39.676913047000028],[-106.77929933999997,39.67708613800005],[-106.77884182199995,39.67745588300005],[-106.77842960799995,39.677850541000055],[-106.77764897999998,39.678659726000035],[-106.77699231199995,39.679242929000054],[-106.77666361899998,39.679455044000065],[-106.77655530299995,39.679524944000036],[-106.77552275399995,39.680001508000032],[-106.77521866499995,39.680101310000055],[-106.77496823799999,39.680173671000034],[-106.77491187199996,39.680189958000028],[-106.77451851599994,39.680272992000027],[-106.77434494699997,39.680309632000046],[-106.77391159399997,39.680373466000049],[-106.77321384099997,39.680412730000057],[-106.77218565199996,39.680351845000075],[-106.77172736599999,39.680288425000072],[-106.77048126999995,39.680115972000067],[-106.76986859899995,39.680055130000028],[-106.76923234699996,39.680020636000052],[-106.76857730799998,39.680025915000044],[-106.76791283199998,39.680075639000052],[-106.76724562099997,39.680164413000057],[-106.76682438099999,39.680248869000025],[-106.76658892299997,39.680296076000047],[-106.76595847599998,39.680466889000058],[-106.76534460099998,39.680670985000063],[-106.76482328599997,39.680861999000058],[-106.76253278499996,39.681701219000047],[-106.76116361999999,39.682202836000044],[-106.76059859399999,39.682421565000027],[-106.75993927299999,39.682660559000055],[-106.75750720799999,39.683542101000057],[-106.75749325199996,39.683547160000046],[-106.75743957499998,39.683568315000059],[-106.75640944199995,39.683974309000064],[-106.75588959099997,39.684224654000047],[-106.75563698799999,39.684363136000059],[-106.75490728499994,39.68482208000006],[-106.75467827599999,39.68499046800008],[-106.75447565399998,39.685157849000063],[-106.75424441899997,39.685348862000069],[-106.75331843599997,39.686240020000071],[-106.75123993199998,39.688240244000042],[-106.75042707499995,39.68902244700007],[-106.74903356399994,39.690363352000077],[-106.74628749299995,39.693005561000064],[-106.74569533299996,39.693550060000064],[-106.74505712399997,39.694063603000075],[-106.74485628099995,39.694195999000044],[-106.74434958399996,39.694530010000051],[-106.74357960499998,39.694954186000075],[-106.74241379499995,39.695516989000055],[-106.74220928799997,39.695615713000052],[-106.74206771099995,39.69568405900003],[-106.73912260699996,39.697105721000071],[-106.73675396899995,39.698249014000055],[-106.73631574799998,39.69846052500003],[-106.73552791199995,39.698863221000067],[-106.73450131199996,39.699451119000059],[-106.73400991699998,39.699765570000068],[-106.73367940399999,39.699995318000049],[-106.73329780599994,39.700260573000037],[-106.73283696599998,39.70060273200005],[-106.73246316599995,39.700901645000044],[-106.73234826499998,39.700993527000037],[-106.73217299799995,39.701133679000066],[-106.73154602199997,39.701690849000045],[-106.72955885499999,39.703602956000054],[-106.72893930299995,39.704142062000074],[-106.72888971799995,39.704178787000046],[-106.72867749499994,39.704335977000028],[-106.72849666299999,39.704469914000072],[-106.72839333299999,39.704533696000055],[-106.72801947599999,39.70476446300006],[-106.72765013799994,39.704958324000074],[-106.72750937999996,39.705032207000045],[-106.72696883099997,39.705275993000043],[-106.72668730199996,39.705386277000059],[-106.72610598399996,39.705580065000049],[-106.72561205699998,39.705709188000071],[-106.72549734099999,39.705739177000055],[-106.72488359599998,39.705863785000076],[-106.72452510799997,39.705925536000052],[-106.72446532299995,39.705935835000048],[-106.72303109599994,39.706182872000056],[-106.72210517399998,39.706378495000024],[-106.72187368299996,39.706441384000073],[-106.72177737599998,39.706467548000035],[-106.72150331099999,39.706542002000049],[-106.72063827999995,39.70684579400006],[-106.71981080499995,39.707206844000041],[-106.71902868499996,39.707624382000063],[-106.71827933299994,39.708074285000066],[-106.71801522599998,39.708239420000041],[-106.71606409799995,39.709459327000047],[-106.71556950999997,39.709740125000053],[-106.71529956799998,39.709893381000029],[-106.71503111799996,39.710021759000028],[-106.71447119399994,39.710247638000055],[-106.71418029899996,39.710343126000055],[-106.71357791599996,39.71049335400005],[-106.71295664399997,39.710594216000061],[-106.71266083599994,39.710625788000073],[-106.71232920099999,39.710661185000049],[-106.70920556399994,39.71088074100004],[-106.70856062299998,39.710926063000045],[-106.70817737199997,39.710952994000024],[-106.70776723599994,39.710981812000057],[-106.70726610399998,39.711026375000074],[-106.70678351299995,39.711069288000033],[-106.70580392599999,39.711192703000052],[-106.70417640799997,39.711426163000056],[-106.70221456499996,39.71170754700006],[-106.70123918199994,39.711822366000035],[-106.70057819799996,39.71185852900004],[-106.69991587199996,39.711851439000043],[-106.69925166299998,39.711806555000067],[-106.69825773899998,39.711675134000075],[-106.69760478799998,39.711546621000025],[-106.69672683099998,39.711307792000071],[-106.69665619299997,39.711288576000072],[-106.69575893399997,39.710966295000048],[-106.69545740299998,39.710834241000043],[-106.69519330399999,39.710718579000059],[-106.69439644599998,39.710295719000044],[-106.69427411399994,39.710217318000048],[-106.69365881599998,39.709822975000066],[-106.69320914199994,39.709482376000039],[-106.69320726799998,39.70948095500006],[-106.69259138399997,39.708935479000047],[-106.69221874599998,39.708551453000041],[-106.69187481599994,39.70814636700004],[-106.69175341199997,39.707974769000032],[-106.69141826699996,39.707501054000033],[-106.68970326399995,39.704553550000071],[-106.68912594099999,39.703561267000055],[-106.68898431699995,39.703317844000026],[-106.68845775299997,39.702454060000036],[-106.68815296699995,39.702049077000027],[-106.68797499399994,39.701860081000063],[-106.68756541899995,39.701512248000029],[-106.68733596799996,39.701355861000025],[-106.68683530799996,39.701081824000028],[-106.68656475999995,39.700965350000047],[-106.68628141999994,39.700864768000031],[-106.68598746499998,39.700781347000031],[-106.68537705099999,39.70066210300007],[-106.68475024399999,39.700609847000067],[-106.68163311999996,39.700526308000065],[-106.68091999499995,39.700507185000049],[-106.68016084599998,39.700486822000073],[-106.67950401999997,39.700424315000078],[-106.67884609499998,39.700320556000065],[-106.67851994199998,39.700250869000058],[-106.67788132299995,39.700076098000068],[-106.67726459399995,39.699863206000032],[-106.67696572599999,39.699744345000056],[-106.67668193099996,39.699615821000066],[-106.67659289499994,39.699575498000058],[-106.67638794999999,39.699482682000053],[-106.67575114499999,39.699167684000031]]},"properties":{"OBJECTID":172,"RID":"070A","tmc":"116+04713","intersection":"CO-131/EXIT 157","TMC_Along_I70Even_Statistics2_MIN_MEAS":146.86972892679626,"TMC_Along_I70Even_Statistics2_MAX_MEAS":156.42225076185136,"Shape_Length":0.16697446699085536}},{"type":"Feature","id":173,"geometry":{"type":"LineString","coordinates":[[-105.93468892399994,39.67899393700003],[-105.93203675099994,39.679103410000039],[-105.92608473599995,39.679236445000072],[-105.91762643999999,39.679406714000038],[-105.90904297699996,39.67920517400006],[-105.90449917499996,39.679112541000052],[-105.90379648199996,39.679168078000032]]},"properties":{"OBJECTID":173,"RID":"070A_DEC","tmc":"116-04726","intersection":"EISENHOWER MEMORIAL TUNNEL (WEST)","TMC_Along_I70Even_Statistics2_MIN_MEAS":213.56992438761867,"TMC_Along_I70Even_Statistics2_MAX_MEAS":215.31917648696049,"Shape_Length":0.030903401716144981}},{"type":"Feature","id":174,"geometry":{"type":"LineString","coordinates":[[-105.46438550699997,39.746659648000048],[-105.46421699499996,39.746683056000052],[-105.46398143699997,39.746696125000028],[-105.46377206099999,39.746709089000035],[-105.46354026399996,39.746713118000059],[-105.46352048299997,39.746711775000051],[-105.46145490799995,39.746455240000046],[-105.46117067299997,39.746411810000041],[-105.46100661699995,39.746386743000073],[-105.46085232499996,39.74635642800007],[-105.46055197399994,39.74629741800004],[-105.46052451699995,39.746290657000031],[-105.46009834299997,39.74618569900008],[-105.45979946899996,39.746095925000077],[-105.45977274899997,39.746086200000036],[-105.45921657799994,39.745883765000031],[-105.45916609999995,39.74586086100004],[-105.45866005699997,39.745631247000063],[-105.45813852999999,39.745358003000035],[-105.45701815799998,39.744728835000046],[-105.45697777399994,39.744706156000063]]},"properties":{"OBJECTID":174,"RID":"070A","tmc":"116P04740","intersection":"CR-314/EXIT 243","TMC_Along_I70Even_Statistics2_MIN_MEAS":242.82525859807402,"TMC_Along_I70Even_Statistics2_MAX_MEAS":243.22462907113902,"Shape_Length":0.0077964766237936687}},{"type":"Feature","id":175,"geometry":{"type":"LineString","coordinates":[[-105.63867718399996,39.763278917000036],[-105.63801854799999,39.763405437000074],[-105.63689693699996,39.763620881000065],[-105.63596225299995,39.76380041200008],[-105.63513349199997,39.76395959000007]]},"properties":{"OBJECTID":175,"RID":"070A","tmc":"116P04733","intersection":"CR-308/EXIT 233","TMC_Along_I70Even_Statistics2_MIN_MEAS":232.89837648696061,"TMC_Along_I70Even_Statistics2_MAX_MEAS":233.0469764869606,"Shape_Length":0.0036084717990848454}}]}